Generated Set Code,Printed Set Code,Category,Card Name,Card Number,Variant,Region,Override Set Code,Override Category,Exclude,Review Notes,Release Set,Product,Source Rows
MEG,MEG,Stamped Cards,Xerneas,MEG064,Mega Evolution Stamp,US/Australia/New Zealand,,,,,,Mega Evolution - Retailer Gift With Purchase,mega_placeholders.csv:180
MEG,MEG,Stamped Cards,Bulbasaur,MEG133,Mega Evolution Stamp,US/UK,,,,,,Mega Evolution - Mega Evolution Booster Display Boxes,mega_placeholders.csv:23
MEP,MEP,Stamped Cards,Meganium,MEP001,Black Star Promo,US/UK,,,,,,Mega Evolution - Mega Evolution Build & Battle Box,mega_placeholders.csv:2
MEP,MEP,Stamped Cards,Inteleon,MEP002,Black Star Promo,US/UK,,,,,,Mega Evolution - Mega Evolution Build & Battle Box,mega_placeholders.csv:3
MEP,MEP,Stamped Cards,Alakazam,MEP003,Black Star Promo,US/UK,,,,,,Mega Evolution - Mega Evolution Build & Battle Box,mega_placeholders.csv:4
MEP,MEP,Stamped Cards,Lunatone,MEP004,Black Star Promo,US/UK,,,,,,Mega Evolution - Mega Evolution Build & Battle Box,mega_placeholders.csv:5
MEP,MEP,Stamped Cards,Ceruledge,MEP014,Black Star Promo,US/UK,,,,,,Phantasmal Flames - Phantasmal Flames Build & Battle Box,mega_placeholders.csv:38
MEP,MEP,Stamped Cards,Zacian,MEP015,Black Star Promo,US/UK,,,,,,Phantasmal Flames - Phantasmal Flames Build & Battle Box,mega_placeholders.csv:39
MEP,MEP,Stamped Cards,Flygon,MEP016,Black Star Promo,US/UK,,,,,,Phantasmal Flames - Phantasmal Flames Build & Battle Box,mega_placeholders.csv:40
MEP,MEP,Stamped Cards,Toxtricity,MEP017,Black Star Promo,US/UK,,,,,,Phantasmal Flames - Phantasmal Flames Build & Battle Box,mega_placeholders.csv:41
MEP,MEP,Stamped Cards,Serperior,MEP064,Black Star Promo,US/UK,,,,,,Perfect Order - Perfect Order Build & Battle Box,mega_placeholders.csv:89
MEP,MEP,Stamped Cards,Barbaracle,MEP065,Black Star Promo,US/UK,,,,,,Perfect Order - Perfect Order Build & Battle Box,mega_placeholders.csv:90
MEP,MEP,Stamped Cards,Tyrantrum,MEP066,Black Star Promo,US/UK,,,,,,Perfect Order - Perfect Order Build & Battle Box,mega_placeholders.csv:91
MEP,MEP,Stamped Cards,Doublade,MEP067,Black Star Promo,US/UK,,,,,,Perfect Order - Perfect Order Build & Battle Box,mega_placeholders.csv:92
MEP,MEP,Stamped Cards,Delphox,MEP074,Black Star Promo,US/UK,,,,,,Chaos Rising - Chaos Rising Build & Battle Box,mega_placeholders.csv:114
MEP,MEP,Stamped Cards,Ampharos,MEP075,Black Star Promo,US/UK,,,,,,Chaos Rising - Chaos Rising Build & Battle Box,mega_placeholders.csv:115
MEP,MEP,Stamped Cards,Crobat,MEP076,Black Star Promo,US/UK,,,,,,Chaos Rising - Chaos Rising Build & Battle Box,mega_placeholders.csv:116
MEP,MEP,Stamped Cards,Goodra,MEP077,Black Star Promo,US/UK,,,,,,Chaos Rising - Chaos Rising Build & Battle Box,mega_placeholders.csv:117
PFL,PFL,Stamped Cards,Reshiram,PFL017,Phantasmal Flames Stamp,US,,,,,,Phantasmal Flames - Retailer Gift With Purchase,mega_placeholders.csv:185
PFL,PFL,Stamped Cards,Suicune,PFL026,EB Games Stamp,Canada/Australia/New Zealand,,,,,,Phantasmal Flames - Retailer Gift With Purchase,mega_placeholders.csv:184
PFL,PFL,Stamped Cards,Suicune,PFL026,GameStop Stamp,US,,,,,,Phantasmal Flames - Retailer Gift With Purchase,mega_placeholders.csv:183
POR,POR,Stamped Cards,Aurorus,POR024,Perfect Order Stamp,US,,,,,,Perfect Order - Retailer Gift With Purchase,mega_placeholders.csv:190
POR,POR,Stamped Cards,Luxray,POR027,Perfect Order Stamp,US/Australia/New Zealand,,,,,,Perfect Order - Retailer Gift With Purchase,mega_placeholders.csv:189
POR,POR,Stamped Cards,Gengar,POR050,EB Games Stamp,Canada/Australia,,,,,,Perfect Order - Retailer Gift With Purchase,mega_placeholders.csv:188
POR,POR,Stamped Cards,Gengar,POR050,GameStop Stamp,US,,,,,,Perfect Order - Retailer Gift With Purchase,mega_placeholders.csv:187
TEF,TEF,Stamped Cards,Pikachu,TEF051,2026 Pokemon Day Stamp,US/UK,,,,,,Mega Evolution - Pokemon Day 2026 Collection,mega_placeholders.csv:65
WHT,WHT,Stamped Cards,Archeops,WHT051,Excavator Pikachu Stamp,US/UK,,,,,,Black Bolt & White Flare - Pokemon Fossil Museum merchandise,mega_placeholders.csv:132
,,Stamped Cards,Delphox,,Chaos Rising Stamp,US/Australia/New Zealand,,,,,,Chaos Rising - Retailer Gift With Purchase,mega_placeholders.csv:194
,,Stamped Cards,Genesect,,Phantasmal Flames Stamp,US/Australia/New Zealand,,,,,,Phantasmal Flames - Retailer Gift With Purchase,mega_placeholders.csv:186
,,Stamped Cards,Ho-Oh,,EB Games Stamp,Canada/Australia,,,,,,Chaos Rising - Retailer Gift With Purchase,mega_placeholders.csv:192
,,Stamped Cards,Ho-Oh,,GameStop Stamp,US,,,,,,Chaos Rising - Retailer Gift With Purchase,mega_placeholders.csv:191
,,Stamped Cards,Keldeo,,Chaos Rising Stamp,US,,,,,,Chaos Rising - Retailer Gift With Purchase,mega_placeholders.csv:193
,,Stamped Cards,Yveltal,,EB Games Stamp,Canada/Australia/New Zealand,,,,,,Mega Evolution - Retailer Gift With Purchase,mega_placeholders.csv:182
,,Stamped Cards,Yveltal,,GameStop Stamp,US,,,,,,Mega Evolution - Retailer Gift With Purchase,mega_placeholders.csv:181
SVP,SVP,Promo Cards,Black Belt's Training,SVP219,Black Star Promo,US/UK,,,,,,Mega Evolution - Trainer's Toolkit 2025,mega_placeholders.csv:29
SVP,SVP,Promo Cards,Black Belt's Training,SVP220,Black Star Promo,US/UK,,,,,,Mega Evolution - Trainer's Toolkit 2025,mega_placeholders.csv:30
SVP,SVP,Promo Cards,Professor's Research [Professor Birch],SVP221,Black Star Promo,US/UK,,,,,,Mega Evolution - Trainer's Toolkit 2025,mega_placeholders.csv:31
SVP,SVP,Promo Cards,Professor's Research [Professor Kukui],SVP222,Black Star Promo,US/UK,,,,,,Mega Evolution - Trainer's Toolkit 2025,mega_placeholders.csv:32
SVP,SVP,Promo Cards,Professor's Research [Professor Magnolia],SVP223,Black Star Promo,US/UK,,,,,,Mega Evolution - Trainer's Toolkit 2025,mega_placeholders.csv:33
ASC,ASC,MCAP Cards,Chikorita,ASC008,Pixel Cosmos Holo,US/UK,,,,,,Ascended Heroes - Ascended Heroes First Partners Deluxe Pin Collection,mega_placeholders.csv:77
ASC,ASC,MCAP Cards,Charmander,ASC020,Pixel Cosmos Holo,US/UK,,,,,,Ascended Heroes - Ascended Heroes Tech Sticker Collections,mega_placeholders.csv:66
ASC,ASC,MCAP Cards,Tepig,ASC029,Pixel Cosmos Holo,US/UK,,,,,,Ascended Heroes - Ascended Heroes First Partners Deluxe Pin Collection,mega_placeholders.csv:78
ASC,ASC,MCAP Cards,Totodile,ASC041,Pixel Cosmos Holo,US/UK,,,,,,Ascended Heroes - Ascended Heroes First Partners Deluxe Pin Collection,mega_placeholders.csv:79
ASC,ASC,MCAP Cards,Gastly,ASC123,Pixel Cosmos Holo,US/UK,,,,,,Ascended Heroes - Ascended Heroes Tech Sticker Collections,mega_placeholders.csv:67
DRI,DRI,MCAP Cards,Hydrapple,DRI018,Pixel Cosmos Holo,US/UK,,,,,,Phantasmal Flames - Phantasmal Flames Blisters,mega_placeholders.csv:48
DRI,DRI,MCAP Cards,Blaziken,DRI042,Pixel Cosmos Holo,US/UK,,,,,,Phantasmal Flames - Phantasmal Flames Blisters,mega_placeholders.csv:51
JTG,JTG,MCAP Cards,Meowscarada,JTG018,Cosmos Holo,US/UK,,,,,,Mega Evolution - Mega Evolution Blisters,mega_placeholders.csv:15
JTG,JTG,MCAP Cards,Wailord,JTG041,Cosmos Holo,US/UK,,,,,,Mega Evolution - Mega Evolution Blisters,mega_placeholders.csv:17
JTG,JTG,MCAP Cards,Lycanroc,JTG085,Cosmos Holo,US/UK,,,,,,Mega Evolution - Mega Evolution Blisters,mega_placeholders.csv:21
JTG,JTG,MCAP Cards,Tyranitar,JTG095,Cosmos Holo,US/UK,,,,,,Mega Evolution - Mega Evolution Blisters,mega_placeholders.csv:22
MEG,MEG,MCAP Cards,Meganium,MEG010,Non Holo,US/UK,,,,,,Mega Evolution - Mega Evolution Build & Battle Box,mega_placeholders.csv:6
MEG,MEG,MCAP Cards,Meganium,MEG010,Pixel Cosmos Holo,US/UK,,,,,,Perfect Order - Perfect Order Blisters,mega_placeholders.csv:97
MEG,MEG,MCAP Cards,Cinderace,MEG028,Pixel Cosmos Holo,US/UK,,,,,,Perfect Order - Perfect Order Blisters,mega_placeholders.csv:100
MEG,MEG,MCAP Cards,Clawitzer,MEG038,Pixel Cosmos Holo,US/UK,,,,,,Perfect Order - Perfect Order Blisters,mega_placeholders.csv:102
MEG,MEG,MCAP Cards,Raikou,MEG048,Pixel Cosmos Holo,US/UK,,,,,,Mega Evolution - Raikou Two Pack Blister,mega_placeholders.csv:64
MEG,MEG,MCAP Cards,Ralts,MEG058,Cosmos Holo,US/UK,,,,,,Mega Evolution - Mega Evolution Collector Chest,mega_placeholders.csv:59
MEG,MEG,MCAP Cards,Kirlia,MEG059,Cosmos Holo,US/UK,,,,,,Mega Evolution - Mega Evolution Collector Chest,mega_placeholders.csv:60
MEG,MEG,MCAP Cards,Xerneas,MEG064,Non Holo,US/UK,,,,,,Mega Evolution - Mega Evolution Build & Battle Box,mega_placeholders.csv:7
MEG,MEG,MCAP Cards,Hariyama,MEG074,Non Holo,US/UK,,,,,,Mega Evolution - Mega Evolution Build & Battle Box,mega_placeholders.csv:8
MEG,MEG,MCAP Cards,Riolu,MEG076,Cosmos Holo,US/UK,,,,,,Mega Evolution - Mega Evolution Collector Chest,mega_placeholders.csv:61
MEG,MEG,MCAP Cards,Steelix,MEG093,Pixel Cosmos Holo,US/UK,,,,,,Perfect Order - Perfect Order Blisters,mega_placeholders.csv:104
MEP,MEP,MCAP Cards,Drifloon,MEP005,Pixel Cosmos Holo,US/UK,,,,,,Mega Evolution - Mega Evolution Blisters,mega_placeholders.csv:9
MEP,MEP,MCAP Cards,Drifblim,MEP006,Pixel Cosmos Holo,US/UK,,,,,,Mega Evolution - Mega Evolution Blisters,mega_placeholders.csv:10
MEP,MEP,MCAP Cards,Psyduck,MEP007,Pixel Cosmos Holo,US/UK,,,,,,Mega Evolution - Mega Evolution Blisters,mega_placeholders.csv:11
MEP,MEP,MCAP Cards,Golduck,MEP008,Pixel Cosmos Holo,US/UK,,,,,,Mega Evolution - Mega Evolution Blisters,mega_placeholders.csv:12
MEP,MEP,MCAP Cards,Alakazam,MEP009,Black Star Promo,US/UK,,,,,,Mega Evolution - Mega Evolution Elite Trainer Box,mega_placeholders.csv:24
MEP,MEP,MCAP Cards,Alakazam,MEP009,Pokemon Center Stamp,US/UK,,,,,,Mega Evolution - Mega Evolution Elite Trainer Box,mega_placeholders.csv:25
MEP,MEP,MCAP Cards,Riolu,MEP010,Black Star Promo,US/UK,,,,,,Mega Evolution - Mega Evolution Elite Trainer Box,mega_placeholders.csv:26
MEP,MEP,MCAP Cards,Riolu,MEP010,Pokemon Center Stamp,US/UK,,,,,,Mega Evolution - Mega Evolution Elite Trainer Box,mega_placeholders.csv:27
MEP,MEP,MCAP Cards,Mega Latias ex,MEP011,Black Star Promo,US/UK,,,,,,Mega Evolution - Mega Latias ex Box,mega_placeholders.csv:28
MEP,MEP,MCAP Cards,Mega Venusaur ex,MEP013,Black Star Promo,US/UK,,,,,,Mega Evolution - Mega Venusaur ex Premium Collection,mega_placeholders.csv:63
MEP,MEP,MCAP Cards,Cottonee,MEP018,Smooth Cosmos Holo,US/UK,,,,,,Phantasmal Flames - Phantasmal Flames Blisters,mega_placeholders.csv:42
MEP,MEP,MCAP Cards,Whimsicott,MEP019,Smooth Cosmos Holo,US/UK,,,,,,Phantasmal Flames - Phantasmal Flames Blisters,mega_placeholders.csv:43
MEP,MEP,MCAP Cards,Sneasel,MEP020,Smooth Cosmos Holo,US/UK,,,,,,Phantasmal Flames - Phantasmal Flames Blisters,mega_placeholders.csv:44
MEP,MEP,MCAP Cards,Weavile,MEP021,Smooth Cosmos Holo,US/UK,,,,,,Phantasmal Flames - Phantasmal Flames Blisters,mega_placeholders.csv:45
MEP,MEP,MCAP Cards,Charcadet,MEP022,Black Star Promo,US/UK,,,,,,Phantasmal Flames - Phantasmal Flames Elite Trainer Box,mega_placeholders.csv:52
MEP,MEP,MCAP Cards,Charcadet,MEP022,Pokemon Center Stamp,US/UK,,,,,,Phantasmal Flames - Phantasmal Flames Elite Trainer Box,mega_placeholders.csv:53
MEP,MEP,MCAP Cards,Mega Charizard X ex,MEP023,Black Star Promo,US/UK,,,,,,Phantasmal Flames - Mega Charizard X ex Ultra-Premium Collection,mega_placeholders.csv:54
MEP,MEP,MCAP Cards,Oricorio ex,MEP024,Black Star Promo,US/UK,,,,,,Phantasmal Flames - Mega Charizard X ex Ultra-Premium Collection,mega_placeholders.csv:55
MEP,MEP,MCAP Cards,Mega Kangaskhan ex,MEP025,Black Star Promo,US/UK,,,,,,Mega Evolution - Mega Kangaskhan ex Box,mega_placeholders.csv:62
MEP,MEP,MCAP Cards,Mega Charizard X ex,MEP029,Black Star Promo,US/UK,,,,,,Ascended Heroes - Mega Charizard Tins,mega_placeholders.csv:73
MEP,MEP,MCAP Cards,Mega Charizard Y ex,MEP030,Black Star Promo,US/UK,,,,,,Ascended Heroes - Mega Charizard Tins,mega_placeholders.csv:74
MEP,MEP,MCAP Cards,N's Zekrom,MEP031,Black Star Promo,US/UK,,,,,,Ascended Heroes - Ascended Heroes Elite Trainer Box,mega_placeholders.csv:71
MEP,MEP,MCAP Cards,N's Zekrom,MEP031,Pokemon Center Stamp,US/UK,,,,,,Ascended Heroes - Ascended Heroes Elite Trainer Box,mega_placeholders.csv:72
MEP,MEP,MCAP Cards,Mega Meganium ex,MEP034,Black Star Promo,US/UK,,,,,,Ascended Heroes - Mega Meganium ex Box | Ascended Heroes - Ascended Heroes Tins,mega_placeholders.csv:110 | mega_placeholders.csv:172
MEP,MEP,MCAP Cards,Mega Emboar ex,MEP035,Black Star Promo,US/UK,,,,,,Ascended Heroes - Mega Emboar ex Box | Ascended Heroes - Ascended Heroes Tins,mega_placeholders.csv:111 | mega_placeholders.csv:173
MEP,MEP,MCAP Cards,Mega Feraligatr ex,MEP036,Black Star Promo,US/UK,,,,,,Ascended Heroes - Mega Feraligatr ex Box | Ascended Heroes - Ascended Heroes Tins,mega_placeholders.csv:112 | mega_placeholders.csv:174
MEP,MEP,MCAP Cards,Makuhita,MEP068,Smooth Cosmos Holo,US/UK,,,,,,Perfect Order - Perfect Order Blisters,mega_placeholders.csv:93
MEP,MEP,MCAP Cards,Chikorita,MEP069,Smooth Cosmos Holo,US/UK,,,,,,Perfect Order - Perfect Order Blisters,mega_placeholders.csv:94
MEP,MEP,MCAP Cards,Tyrunt,MEP070,Black Star Promo,US/UK,,,,,,Perfect Order - Perfect Order Elite Trainer Box,mega_placeholders.csv:105
MEP,MEP,MCAP Cards,Tyrunt,MEP070,Pokemon Center Stamp,US/UK,,,,,,Perfect Order - Perfect Order Elite Trainer Box,mega_placeholders.csv:106
MEP,MEP,MCAP Cards,Mega Zygarde ex,MEP071,Black Star Promo,US/UK,,,,,,Perfect Order - Mega Zygarde ex Premium Collection,mega_placeholders.csv:113
MEP,MEP,MCAP Cards,Mega Clefable ex,MEP072,Black Star Promo,US/UK,,,,,,Chaos Rising - Mega Moonlit Tins,mega_placeholders.csv:133
MEP,MEP,MCAP Cards,Mega Gengar ex,MEP073,Black Star Promo,US/UK,,,,,,Chaos Rising - Mega Moonlit Tins,mega_placeholders.csv:134
MEP,MEP,MCAP Cards,Toxel,MEP078,Smooth Cosmos Holo,US/UK,,,,,,Chaos Rising - Chaos Rising Blisters,mega_placeholders.csv:118
MEP,MEP,MCAP Cards,Charmeleon,MEP079,Smooth Cosmos Holo,US/UK,,,,,,Chaos Rising - Chaos Rising Blisters,mega_placeholders.csv:119
MEP,MEP,MCAP Cards,Fennekin,MEP080,Black Star Promo,US/UK,,,,,,Chaos Rising - Chaos Rising Elite Trainer Box,mega_placeholders.csv:130
MEP,MEP,MCAP Cards,Fennekin,MEP080,Pokemon Center Stamp,US/UK,,,,,,Chaos Rising - Chaos Rising Elite Trainer Box,mega_placeholders.csv:131
MEP,MEP,MCAP Cards,Mega Greninja ex,MEP081,Black Star Promo,US/UK,,,,,,Chaos Rising - Mega Greninja ex Premium Collection,mega_placeholders.csv:145
MEP,MEP,MCAP Cards,Slowpoke,MEP086,Smooth Cosmos Holo,US/UK,,,,,,Pitch Black - Pitch Black Blisters,mega_placeholders.csv:146
MEP,MEP,MCAP Cards,Binacle,MEP087,Smooth Cosmos Holo,US/UK,,,,,,Pitch Black - Pitch Black Blisters,mega_placeholders.csv:147
MEP,MEP,MCAP Cards,Zarude,MEP088,Black Star Promo,US/UK,,,,,,Pitch Black - Pitch Black Elite Trainer Box,mega_placeholders.csv:158
MEP,MEP,MCAP Cards,Zarude,MEP088,Pokemon Center Stamp,US/UK,,,,,,Pitch Black - Pitch Black Elite Trainer Box,mega_placeholders.csv:159
PAL,PAL,MCAP Cards,Boss's Orders [Ghetsis],PAL172,Non Holo,US/UK,,,,,,Mega Evolution - Trainer's Toolkit 2025,mega_placeholders.csv:34
PBL,PBL,MCAP Cards,Zarude,PBL056,Pixel Cosmos Holo,US/UK,,,,,,Pitch Black - Zarude Two Pack Blister,mega_placeholders.csv:179
PFL,PFL,MCAP Cards,Oddish,PFL001,Pixel Cosmos Holo,US/UK,,,,,,Phantasmal Flames - Enhanced 2-Pack Blister: Oddish Gloom & Vileplume,mega_placeholders.csv:107
PFL,PFL,MCAP Cards,Gloom,PFL002,Pixel Cosmos Holo,US/UK,,,,,,Phantasmal Flames - Enhanced 2-Pack Blister: Oddish Gloom & Vileplume,mega_placeholders.csv:108
PFL,PFL,MCAP Cards,Vileplume,PFL003,Pixel Cosmos Holo,US/UK,,,,,,Phantasmal Flames - Enhanced 2-Pack Blister: Oddish Gloom & Vileplume,mega_placeholders.csv:109
PFL,PFL,MCAP Cards,Moltres,PFL014,Non Holo,US/UK,,,,,,Chaos Rising - Chaos Rising Blisters,mega_placeholders.csv:120
PFL,PFL,MCAP Cards,Reshiram,PFL017,Cosmos Holo,US/UK,,,,,,Chaos Rising - Chaos Rising Blisters,mega_placeholders.csv:121
PFL,PFL,MCAP Cards,Pawmot,PFL034,Cosmos Holo,US/UK,,,,,,Chaos Rising - Chaos Rising Blisters,mega_placeholders.csv:124
PFL,PFL,MCAP Cards,Zacian,PFL045,Cosmos Holo,US/UK,,,,,,Chaos Rising - Chaos Rising Blisters,mega_placeholders.csv:126
PFL,PFL,MCAP Cards,Flygon,PFL053,Cosmos Holo,US/UK,,,,,,Chaos Rising - Chaos Rising Blisters,mega_placeholders.csv:129
POR,POR,MCAP Cards,Luxray,POR027,Pixel Cosmos Holo,US/UK,,,,,,Pitch Black - Pitch Black Blisters,mega_placeholders.csv:152
POR,POR,MCAP Cards,Gengar,POR050,Pixel Cosmos Holo,US/UK,,,,,,Pitch Black - Pitch Black Blisters,mega_placeholders.csv:157
,,MCAP Cards,Mega Darkrai ex,,Black Star Promo,US/UK,,,,,,Pitch Black - Mega Forces Tins,mega_placeholders.csv:170
,,MCAP Cards,Mega Dragonite ex,,Black Star Promo,US/UK,,,,,,Pitch Black - Mega Forces Tins,mega_placeholders.csv:171
,,MCAP Cards,Mega Zeraora ex,,Black Star Promo,US/UK,,,,,,Pitch Black - Mega Forces Tins,mega_placeholders.csv:169
BLK,BLK,Prize Pack Cards,Kyurem ex,BLK028,Play Pokemon Stamp,US/UK,,,,,,Play Pokemon Prize Pack Series Eight - Play Pokemon Prize Pack Series Eight,prize_pack_series8.csv:24
BLK,BLK,Prize Pack Cards,Eelektrik,BLK031,Play Pokemon Stamp,US/UK,,,,,,Play Pokemon Prize Pack Series Eight - Play Pokemon Prize Pack Series Eight,prize_pack_series8.csv:10
BLK,BLK,Prize Pack Cards,Zekrom ex,BLK034,Play Pokemon Stamp,US/UK,,,,,,Play Pokemon Prize Pack Series Eight - Play Pokemon Prize Pack Series Eight,prize_pack_series8.csv:50
BLK,BLK,Prize Pack Cards,Conkeldurr,BLK049,Play Pokemon Stamp,US/UK,,,,,,Play Pokemon Prize Pack Series Eight - Play Pokemon Prize Pack Series Eight,prize_pack_series8.csv:6
BLK,BLK,Prize Pack Cards,Genesect ex,BLK067,Play Pokemon Stamp,US/UK,,,,,,Play Pokemon Prize Pack Series Eight - Play Pokemon Prize Pack Series Eight,prize_pack_series8.csv:16
BLK,BLK,Prize Pack Cards,Air Balloon,BLK079,Play Pokemon Stamp,US/UK,,,,,,Play Pokemon Prize Pack Series Eight - Play Pokemon Prize Pack Series Eight,prize_pack_series8.csv:51
DRI,DRI,Prize Pack Cards,Yanmega ex,DRI003,Play Pokemon Stamp,US/UK,,,,,,Play Pokemon Prize Pack Series Eight - Play Pokemon Prize Pack Series Eight,prize_pack_series8.csv:49
DRI,DRI,Prize Pack Cards,Cynthia's Roserade,DRI008,Play Pokemon Stamp,US/UK,,,,,,Play Pokemon Prize Pack Series Eight - Play Pokemon Prize Pack Series Eight,prize_pack_series8.csv:9
DRI,DRI,Prize Pack Cards,Shaymin,DRI010,Play Pokemon Stamp,US/UK,,,,,,Play Pokemon Prize Pack Series Eight - Play Pokemon Prize Pack Series Eight,prize_pack_series8.csv:43
DRI,DRI,Prize Pack Cards,Team Rocket's Spidops,DRI020,Play Pokemon Stamp,US/UK,,,,,,Play Pokemon Prize Pack Series Eight - Play Pokemon Prize Pack Series Eight,prize_pack_series8.csv:48
DRI,DRI,Prize Pack Cards,Ethan's Quilava,DRI033,Play Pokemon Stamp,US/UK,,,,,,Play Pokemon Prize Pack Series Eight - Play Pokemon Prize Pack Series Eight,prize_pack_series8.csv:14
DRI,DRI,Prize Pack Cards,Ethan's Typhlosion,DRI034,Play Pokemon Stamp,US/UK,,,,,,Play Pokemon Prize Pack Series Eight - Play Pokemon Prize Pack Series Eight,prize_pack_series8.csv:15
DRI,DRI,Prize Pack Cards,Ethan's Magcargo,DRI036,Play Pokemon Stamp,US/UK,,,,,,Play Pokemon Prize Pack Series Eight - Play Pokemon Prize Pack Series Eight,prize_pack_series8.csv:13
DRI,DRI,Prize Pack Cards,Ethan's Ho-Oh ex,DRI039,Play Pokemon Stamp,US/UK,,,,,,Play Pokemon Prize Pack Series Eight - Play Pokemon Prize Pack Series Eight,prize_pack_series8.csv:12
DRI,DRI,Prize Pack Cards,Team Rocket's Mewtwo ex,DRI081,Play Pokemon Stamp,US/UK,,,,,,Play Pokemon Prize Pack Series Eight - Play Pokemon Prize Pack Series Eight,prize_pack_series8.csv:46
DRI,DRI,Prize Pack Cards,Cynthia's Gabite,DRI103,Play Pokemon Stamp,US/UK,,,,,,Play Pokemon Prize Pack Series Eight - Play Pokemon Prize Pack Series Eight,prize_pack_series8.csv:7
DRI,DRI,Prize Pack Cards,Cynthia's Garchomp ex,DRI104,Play Pokemon Stamp,US/UK,,,,,,Play Pokemon Prize Pack Series Eight - Play Pokemon Prize Pack Series Eight,prize_pack_series8.csv:8
DRI,DRI,Prize Pack Cards,Team Rocket's Nidoking ex,DRI119,Play Pokemon Stamp,US/UK,,,,,,Play Pokemon Prize Pack Series Eight - Play Pokemon Prize Pack Series Eight,prize_pack_series8.csv:47
DRI,DRI,Prize Pack Cards,Team Rocket's Crobat ex,DRI122,Play Pokemon Stamp,US/UK,,,,,,Play Pokemon Prize Pack Series Eight - Play Pokemon Prize Pack Series Eight,prize_pack_series8.csv:45
DRI,DRI,Prize Pack Cards,Arven's Mabosstiff ex,DRI139,Play Pokemon Stamp,US/UK,,,,,,Play Pokemon Prize Pack Series Eight - Play Pokemon Prize Pack Series Eight,prize_pack_series8.csv:3
DRI,DRI,Prize Pack Cards,Cynthia's Power Weight,DRI162,Play Pokemon Stamp,US/UK,,,,,,Play Pokemon Prize Pack Series Eight - Play Pokemon Prize Pack Series Eight,prize_pack_series8.csv:54
DRI,DRI,Prize Pack Cards,Ethan's Adventure,DRI165,Play Pokemon Stamp,US/UK,,,,,,Play Pokemon Prize Pack Series Eight - Play Pokemon Prize Pack Series Eight,prize_pack_series8.csv:56
DRI,DRI,Prize Pack Cards,Team Rocket's Archer,DRI170,Play Pokemon Stamp,US/UK,,,,,,Play Pokemon Prize Pack Series Eight - Play Pokemon Prize Pack Series Eight,prize_pack_series8.csv:75
DRI,DRI,Prize Pack Cards,Team Rocket's Ariana,DRI171,Play Pokemon Stamp,US/UK,,,,,,Play Pokemon Prize Pack Series Eight - Play Pokemon Prize Pack Series Eight,prize_pack_series8.csv:76
DRI,DRI,Prize Pack Cards,Team Rocket's Factory,DRI173,Play Pokemon Stamp,US/UK,,,,,,Play Pokemon Prize Pack Series Eight - Play Pokemon Prize Pack Series Eight,prize_pack_series8.csv:78
DRI,DRI,Prize Pack Cards,Team Rocket's Giovanni,DRI174,Play Pokemon Stamp,US/UK,,,,,,Play Pokemon Prize Pack Series Eight - Play Pokemon Prize Pack Series Eight,prize_pack_series8.csv:79
DRI,DRI,Prize Pack Cards,Team Rocket's Petrel,DRI176,Play Pokemon Stamp,US/UK,,,,,,Play Pokemon Prize Pack Series Eight - Play Pokemon Prize Pack Series Eight,prize_pack_series8.csv:80
DRI,DRI,Prize Pack Cards,Team Rocket's Proton,DRI177,Play Pokemon Stamp,US/UK,,,,,,Play Pokemon Prize Pack Series Eight - Play Pokemon Prize Pack Series Eight,prize_pack_series8.csv:81
DRI,DRI,Prize Pack Cards,Team Rocket's Transceiver,DRI178,Play Pokemon Stamp,US/UK,,,,,,Play Pokemon Prize Pack Series Eight - Play Pokemon Prize Pack Series Eight,prize_pack_series8.csv:82
DRI,DRI,Prize Pack Cards,Team Rocket's Energy,DRI182,Play Pokemon Stamp,US/UK,,,,,,Play Pokemon Prize Pack Series Eight - Play Pokemon Prize Pack Series Eight,prize_pack_series8.csv:77
JTG,JTG,Prize Pack Cards,N's Darmanitan,JTG027,Play Pokemon Stamp,US/UK,,,,,,Play Pokemon Prize Pack Series Eight - Play Pokemon Prize Pack Series Eight,prize_pack_series8.csv:39
JTG,JTG,Prize Pack Cards,Iono's Voltorb,JTG047,Play Pokemon Stamp,US/UK,,,,,,Play Pokemon Prize Pack Series Eight - Play Pokemon Prize Pack Series Eight,prize_pack_series8.csv:23
JTG,JTG,Prize Pack Cards,Iono's Bellibolt ex,JTG053,Play Pokemon Stamp,US/UK,,,,,,Play Pokemon Prize Pack Series Eight - Play Pokemon Prize Pack Series Eight,prize_pack_series8.csv:21
JTG,JTG,Prize Pack Cards,Iono's Kilowattrel,JTG055,Play Pokemon Stamp,US/UK,,,,,,Play Pokemon Prize Pack Series Eight - Play Pokemon Prize Pack Series Eight,prize_pack_series8.csv:22
JTG,JTG,Prize Pack Cards,Lillie's Clefairy ex,JTG056,Play Pokemon Stamp,US/UK,,,,,,Play Pokemon Prize Pack Series Eight - Play Pokemon Prize Pack Series Eight,prize_pack_series8.csv:26
JTG,JTG,Prize Pack Cards,Lillie's Ribombee,JTG067,Play Pokemon Stamp,US/UK,,,,,,Play Pokemon Prize Pack Series Eight - Play Pokemon Prize Pack Series Eight,prize_pack_series8.csv:27
JTG,JTG,Prize Pack Cards,N's Zoroark ex,JTG098,Play Pokemon Stamp,US/UK,,,,,,Play Pokemon Prize Pack Series Eight - Play Pokemon Prize Pack Series Eight,prize_pack_series8.csv:41
JTG,JTG,Prize Pack Cards,Hop's Zacian ex,JTG111,Play Pokemon Stamp,US/UK,,,,,,Play Pokemon Prize Pack Series Eight - Play Pokemon Prize Pack Series Eight,prize_pack_series8.csv:20
JTG,JTG,Prize Pack Cards,N's Reshiram,JTG116,Play Pokemon Stamp,US/UK,,,,,,Play Pokemon Prize Pack Series Eight - Play Pokemon Prize Pack Series Eight,prize_pack_series8.csv:40
JTG,JTG,Prize Pack Cards,Hop's Snorlax,JTG117,Play Pokemon Stamp,US/UK,,,,,,Play Pokemon Prize Pack Series Eight - Play Pokemon Prize Pack Series Eight,prize_pack_series8.csv:19
JTG,JTG,Prize Pack Cards,Hop's Dubwool,JTG136,Play Pokemon Stamp,US/UK,,,,,,Play Pokemon Prize Pack Series Eight - Play Pokemon Prize Pack Series Eight,prize_pack_series8.csv:18
JTG,JTG,Prize Pack Cards,Hop's Choice Band,JTG148,Play Pokemon Stamp,US/UK,,,,,,Play Pokemon Prize Pack Series Eight - Play Pokemon Prize Pack Series Eight,prize_pack_series8.csv:59
JTG,JTG,Prize Pack Cards,Levincia,JTG150,Play Pokemon Stamp,US/UK,,,,,,Play Pokemon Prize Pack Series Eight - Play Pokemon Prize Pack Series Eight,prize_pack_series8.csv:61
JTG,JTG,Prize Pack Cards,Lillie's Pearl,JTG151,Play Pokemon Stamp,US/UK,,,,,,Play Pokemon Prize Pack Series Eight - Play Pokemon Prize Pack Series Eight,prize_pack_series8.csv:63
JTG,JTG,Prize Pack Cards,N's PP Up,JTG153,Play Pokemon Stamp,US/UK,,,,,,Play Pokemon Prize Pack Series Eight - Play Pokemon Prize Pack Series Eight,prize_pack_series8.csv:67
JTG,JTG,Prize Pack Cards,Postwick,JTG154,Play Pokemon Stamp,US/UK,,,,,,Play Pokemon Prize Pack Series Eight - Play Pokemon Prize Pack Series Eight,prize_pack_series8.csv:68
MEE,MEE,Prize Pack Cards,Basic Grass Energy,MEE001,Play Pokemon Stamp,US/UK,,,,,,Play Pokemon Prize Pack Series Eight - Play Pokemon Prize Pack Series Eight,prize_pack_series8.csv:87
MEE,MEE,Prize Pack Cards,Basic Fire Energy,MEE002,Play Pokemon Stamp,US/UK,,,,,,Play Pokemon Prize Pack Series Eight - Play Pokemon Prize Pack Series Eight,prize_pack_series8.csv:86
MEE,MEE,Prize Pack Cards,Basic Water Energy,MEE003,Play Pokemon Stamp,US/UK,,,,,,Play Pokemon Prize Pack Series Eight - Play Pokemon Prize Pack Series Eight,prize_pack_series8.csv:91
MEE,MEE,Prize Pack Cards,Basic Lightning Energy,MEE004,Play Pokemon Stamp,US/UK,,,,,,Play Pokemon Prize Pack Series Eight - Play Pokemon Prize Pack Series Eight,prize_pack_series8.csv:88
MEE,MEE,Prize Pack Cards,Basic Psychic Energy,MEE005,Play Pokemon Stamp,US/UK,,,,,,Play Pokemon Prize Pack Series Eight - Play Pokemon Prize Pack Series Eight,prize_pack_series8.csv:90
MEE,MEE,Prize Pack Cards,Basic Fighting Energy,MEE006,Play Pokemon Stamp,US/UK,,,,,,Play Pokemon Prize Pack Series Eight - Play Pokemon Prize Pack Series Eight,prize_pack_series8.csv:85
MEE,MEE,Prize Pack Cards,Basic Darkness Energy,MEE007,Play Pokemon Stamp,US/UK,,,,,,Play Pokemon Prize Pack Series Eight - Play Pokemon Prize Pack Series Eight,prize_pack_series8.csv:84
MEE,MEE,Prize Pack Cards,Basic Metal Energy,MEE008,Play Pokemon Stamp,US/UK,,,,,,Play Pokemon Prize Pack Series Eight - Play Pokemon Prize Pack Series Eight,prize_pack_series8.csv:89
MEG,MEG,Prize Pack Cards,Mega Venusaur ex,MEG003,Play Pokemon Stamp,US/UK,,,,,,Play Pokemon Prize Pack Series Eight - Play Pokemon Prize Pack Series Eight,prize_pack_series8.csv:38
MEG,MEG,Prize Pack Cards,Mega Camerupt ex,MEG022,Play Pokemon Stamp,US/UK,,,,,,Play Pokemon Prize Pack Series Eight - Play Pokemon Prize Pack Series Eight,prize_pack_series8.csv:31
MEG,MEG,Prize Pack Cards,Cinderace,MEG028,Play Pokemon Stamp,US/UK,,,,,,Play Pokemon Prize Pack Series Eight - Play Pokemon Prize Pack Series Eight,prize_pack_series8.csv:5
MEG,MEG,Prize Pack Cards,Mega Abomasnow ex,MEG036,Play Pokemon Stamp,US/UK,,,,,,Play Pokemon Prize Pack Series Eight - Play Pokemon Prize Pack Series Eight,prize_pack_series8.csv:29
MEG,MEG,Prize Pack Cards,Mega Manectric ex,MEG050,Play Pokemon Stamp,US/UK,,,,,,Play Pokemon Prize Pack Series Eight - Play Pokemon Prize Pack Series Eight,prize_pack_series8.csv:36
MEG,MEG,Prize Pack Cards,Mega Gardevoir ex,MEG060,Play Pokemon Stamp,US/UK,,,,,,Play Pokemon Prize Pack Series Eight - Play Pokemon Prize Pack Series Eight,prize_pack_series8.csv:32
MEG,MEG,Prize Pack Cards,Hariyama,MEG073,Play Pokemon Stamp,US/UK,,,,,,Play Pokemon Prize Pack Series Eight - Play Pokemon Prize Pack Series Eight,prize_pack_series8.csv:17
MEG,MEG,Prize Pack Cards,Lunatone,MEG074,Play Pokemon Stamp,US/UK,,,,,,Play Pokemon Prize Pack Series Eight - Play Pokemon Prize Pack Series Eight,prize_pack_series8.csv:28
MEG,MEG,Prize Pack Cards,Solrock,MEG075,Play Pokemon Stamp,US/UK,,,,,,Play Pokemon Prize Pack Series Eight - Play Pokemon Prize Pack Series Eight,prize_pack_series8.csv:44
MEG,MEG,Prize Pack Cards,Mega Lucario ex,MEG077,Play Pokemon Stamp,US/UK,,,,,,Play Pokemon Prize Pack Series Eight - Play Pokemon Prize Pack Series Eight,prize_pack_series8.csv:35
MEG,MEG,Prize Pack Cards,Mega Absol ex,MEG086,Play Pokemon Stamp,US/UK,,,,,,Play Pokemon Prize Pack Series Eight - Play Pokemon Prize Pack Series Eight,prize_pack_series8.csv:30
MEG,MEG,Prize Pack Cards,Mega Mawile ex,MEG094,Play Pokemon Stamp,US/UK,,,,,,Play Pokemon Prize Pack Series Eight - Play Pokemon Prize Pack Series Eight,prize_pack_series8.csv:37
MEG,MEG,Prize Pack Cards,Mega Latias ex,MEG100,Play Pokemon Stamp,US/UK,,,,,,Play Pokemon Prize Pack Series Eight - Play Pokemon Prize Pack Series Eight,prize_pack_series8.csv:34
MEG,MEG,Prize Pack Cards,Latios,MEG101,Play Pokemon Stamp,US/UK,,,,,,Play Pokemon Prize Pack Series Eight - Play Pokemon Prize Pack Series Eight,prize_pack_series8.csv:25
MEG,MEG,Prize Pack Cards,Mega Kangaskhan ex,MEG104,Play Pokemon Stamp,US/UK,,,,,,Play Pokemon Prize Pack Series Eight - Play Pokemon Prize Pack Series Eight,prize_pack_series8.csv:33
MEG,MEG,Prize Pack Cards,Boss's Orders,MEG114,Play Pokemon Stamp,US/UK,,,,,,Play Pokemon Prize Pack Series Eight - Play Pokemon Prize Pack Series Eight,prize_pack_series8.csv:52
MEG,MEG,Prize Pack Cards,Fighting Gong,MEG116,Play Pokemon Stamp,US/UK,,,,,,Play Pokemon Prize Pack Series Eight - Play Pokemon Prize Pack Series Eight,prize_pack_series8.csv:57
MEG,MEG,Prize Pack Cards,Forest of Vitality,MEG117,Play Pokemon Stamp,US/UK,,,,,,Play Pokemon Prize Pack Series Eight - Play Pokemon Prize Pack Series Eight,prize_pack_series8.csv:58
MEG,MEG,Prize Pack Cards,Iron Defender,MEG118,Play Pokemon Stamp,US/UK,,,,,,Play Pokemon Prize Pack Series Eight - Play Pokemon Prize Pack Series Eight,prize_pack_series8.csv:60
MEG,MEG,Prize Pack Cards,Lillie's Determination,MEG119,Play Pokemon Stamp,US/UK,,,,,,Play Pokemon Prize Pack Series Eight - Play Pokemon Prize Pack Series Eight,prize_pack_series8.csv:62
MEG,MEG,Prize Pack Cards,Mega Signal,MEG121,Play Pokemon Stamp,US/UK,,,,,,Play Pokemon Prize Pack Series Eight - Play Pokemon Prize Pack Series Eight,prize_pack_series8.csv:65
MEG,MEG,Prize Pack Cards,Mystery Garden,MEG122,Play Pokemon Stamp,US/UK,,,,,,Play Pokemon Prize Pack Series Eight - Play Pokemon Prize Pack Series Eight,prize_pack_series8.csv:66
MEG,MEG,Prize Pack Cards,Premium Power Pro,MEG124,Play Pokemon Stamp,US/UK,,,,,,Play Pokemon Prize Pack Series Eight - Play Pokemon Prize Pack Series Eight,prize_pack_series8.csv:70
MEG,MEG,Prize Pack Cards,Risky Ruins,MEG127,Play Pokemon Stamp,US/UK,,,,,,Play Pokemon Prize Pack Series Eight - Play Pokemon Prize Pack Series Eight,prize_pack_series8.csv:71
MEG,MEG,Prize Pack Cards,Strange Timepiece,MEG128,Play Pokemon Stamp,US/UK,,,,,,Play Pokemon Prize Pack Series Eight - Play Pokemon Prize Pack Series Eight,prize_pack_series8.csv:73
MEG,MEG,Prize Pack Cards,Surfing Beach,MEG129,Play Pokemon Stamp,US/UK,,,,,,Play Pokemon Prize Pack Series Eight - Play Pokemon Prize Pack Series Eight,prize_pack_series8.csv:74
MEG,MEG,Prize Pack Cards,Wally's Compassion,MEG132,Play Pokemon Stamp,US/UK,,,,,,Play Pokemon Prize Pack Series Eight - Play Pokemon Prize Pack Series Eight,prize_pack_series8.csv:83
PRE,PRE,Prize Pack Cards,Budew,PRE004,Play Pokemon Stamp,US/UK,,,,,,Play Pokemon Prize Pack Series Eight - Play Pokemon Prize Pack Series Eight,prize_pack_series8.csv:4
PRE,PRE,Prize Pack Cards,Max Rod,PRE116,Play Pokemon Stamp,US/UK,,,,,,Play Pokemon Prize Pack Series Eight - Play Pokemon Prize Pack Series Eight,prize_pack_series8.csv:64
PRE,PRE,Prize Pack Cards,Sparkling Crystal,PRE129,Play Pokemon Stamp,US/UK,,,,,,Play Pokemon Prize Pack Series Eight - Play Pokemon Prize Pack Series Eight,prize_pack_series8.csv:72
SCR,SCR,Prize Pack Cards,Archaludon,SCR107,Play Pokemon Stamp,US/UK,,,,,,Play Pokemon Prize Pack Series Eight - Play Pokemon Prize Pack Series Eight,prize_pack_series8.csv:2
SSP,SSP,Prize Pack Cards,Brilliant Blender,SSP164,Play Pokemon Stamp,US/UK,,,,,,Play Pokemon Prize Pack Series Eight - Play Pokemon Prize Pack Series Eight,prize_pack_series8.csv:53
SSP,SSP,Prize Pack Cards,Energy Search Pro,SSP176,Play Pokemon Stamp,US/UK,,,,,,Play Pokemon Prize Pack Series Eight - Play Pokemon Prize Pack Series Eight,prize_pack_series8.csv:55
SSP,SSP,Prize Pack Cards,Precious Trolley,SSP185,Play Pokemon Stamp,US/UK,,,,,,Play Pokemon Prize Pack Series Eight - Play Pokemon Prize Pack Series Eight,prize_pack_series8.csv:69
WHT,WHT,Prize Pack Cards,Emboar,WHT013,Play Pokemon Stamp,US/UK,,,,,,Play Pokemon Prize Pack Series Eight - Play Pokemon Prize Pack Series Eight,prize_pack_series8.csv:11
WHT,WHT,Prize Pack Cards,Reshiram ex,WHT020,Play Pokemon Stamp,US/UK,,,,,,Play Pokemon Prize Pack Series Eight - Play Pokemon Prize Pack Series Eight,prize_pack_series8.csv:42
ASC,ASC,League and Championship Cards,Rayquaza,ASC173,PXP Stamp,US,,,,,,Ascended Heroes - 2026 Pokemon World Championships merchandise,mega_placeholders.csv:175
MEG,MEG,League and Championship Cards,Ultra Ball,MEG131,Pokemon Europe International Championships Stamp,Europe,,,,,,Mega Evolution - 2026 Pokemon Europe International Championships merchandise,mega_placeholders.csv:68
MEG,MEG,League and Championship Cards,Ultra Ball,MEG131,Pokemon Latin America International Championships Stamp,Brazilian Portuguese,,,,,,Mega Evolution - 2026 Pokemon Latin America International Championships merchandise,mega_placeholders.csv:58
MEG,MEG,League and Championship Cards,Ultra Ball,MEG131,Pokemon North America International Championships Stamp,US,,,,,,Mega Evolution - 2026 Pokemon North America International Championships merchandise,mega_placeholders.csv:135
MEP,MEP,League and Championship Cards,Paradise Resort,MEP092,World Championships 2026 Stamp,US,,,,,,Mega Evolution - 2026 Pokemon World Championships merchandise,mega_placeholders.csv:176
MEP,MEP,League and Championship Cards,Pikachu,MEP093,2026 Pokemon World Championships Logo Stamp,US,,,,,,Mega Evolution - 2026 Pokemon World Championships merchandise,mega_placeholders.csv:177
MEP,MEP,League and Championship Cards,Pikachu,MEP093,Play Pokemon Winner Stamp,US,,,,,,Mega Evolution - 2026 Pokemon World Championships merchandise,mega_placeholders.csv:178
MEP,MEP,Other Cards,Mega Lucario ex,MEP012,Black Star Promo,US/UK,,,,,,Mega Evolution - Mega Lucario ex Figure Collection,mega_placeholders.csv:37
MEP,MEP,Other Cards,Meloetta,MEP026,Black Star Promo,US/UK,,,,,,Mega Evolution - Mega Battle Deck Mega Diancie ex,mega_placeholders.csv:36
MEP,MEP,Other Cards,Haunter,MEP027,Black Star Promo,US/UK,,,,,,Mega Evolution - Mega Battle Deck Mega Gengar ex,mega_placeholders.csv:35
MEP,MEP,Other Cards,Mega Gardevoir ex,MEP032,Black Star Promo,US/UK,,,,,,Ascended Heroes - Ascended Heroes Premium Poster Collection,mega_placeholders.csv:75
MEP,MEP,Other Cards,Mega Lucario ex,MEP033,Black Star Promo,US/UK,,,,,,Ascended Heroes - Ascended Heroes Premium Poster Collection,mega_placeholders.csv:76
MEP,MEP,Other Cards,Bulbasaur,MEP037,Black Star Promo,US/UK,,,,,,Mega Evolution - First Partner Illustration Collection Series 1,mega_placeholders.csv:80
MEP,MEP,Other Cards,Charmander,MEP038,Black Star Promo,US/UK,,,,,,Mega Evolution - First Partner Illustration Collection Series 1,mega_placeholders.csv:81
MEP,MEP,Other Cards,Squirtle,MEP039,Black Star Promo,US/UK,,,,,,Mega Evolution - First Partner Illustration Collection Series 1,mega_placeholders.csv:82
MEP,MEP,Other Cards,Turtwig,MEP040,Black Star Promo,US/UK,,,,,,Mega Evolution - First Partner Illustration Collection Series 1,mega_placeholders.csv:83
MEP,MEP,Other Cards,Chimchar,MEP041,Black Star Promo,US/UK,,,,,,Mega Evolution - First Partner Illustration Collection Series 1,mega_placeholders.csv:84
MEP,MEP,Other Cards,Piplup,MEP042,Black Star Promo,US/UK,,,,,,Mega Evolution - First Partner Illustration Collection Series 1,mega_placeholders.csv:85
MEP,MEP,Other Cards,Rowlet,MEP043,Black Star Promo,US/UK,,,,,,Mega Evolution - First Partner Illustration Collection Series 1,mega_placeholders.csv:86
MEP,MEP,Other Cards,Litten,MEP044,Black Star Promo,US/UK,,,,,,Mega Evolution - First Partner Illustration Collection Series 1,mega_placeholders.csv:87
MEP,MEP,Other Cards,Popplio,MEP045,Black Star Promo,US/UK,,,,,,Mega Evolution - First Partner Illustration Collection Series 1,mega_placeholders.csv:88
MEP,MEP,Other Cards,Chikorita,MEP046,Black Star Promo,US/UK,,,,,,Mega Evolution - First Partner Illustration Collection Series 2,mega_placeholders.csv:136
MEP,MEP,Other Cards,Cyndaquil,MEP047,Black Star Promo,US/UK,,,,,,Mega Evolution - First Partner Illustration Collection Series 2,mega_placeholders.csv:137
MEP,MEP,Other Cards,Totodile,MEP048,Black Star Promo,US/UK,,,,,,Mega Evolution - First Partner Illustration Collection Series 2,mega_placeholders.csv:138
MEP,MEP,Other Cards,Snivy,MEP049,Black Star Promo,US/UK,,,,,,Mega Evolution - First Partner Illustration Collection Series 2,mega_placeholders.csv:139
MEP,MEP,Other Cards,Tepig,MEP050,Black Star Promo,US/UK,,,,,,Mega Evolution - First Partner Illustration Collection Series 2,mega_placeholders.csv:140
MEP,MEP,Other Cards,Oshawott,MEP051,Black Star Promo,US/UK,,,,,,Mega Evolution - First Partner Illustration Collection Series 2,mega_placeholders.csv:141
MEP,MEP,Other Cards,Grookey,MEP052,Black Star Promo,US/UK,,,,,,Mega Evolution - First Partner Illustration Collection Series 2,mega_placeholders.csv:142
MEP,MEP,Other Cards,Scorbunny,MEP053,Black Star Promo,US/UK,,,,,,Mega Evolution - First Partner Illustration Collection Series 2,mega_placeholders.csv:143
MEP,MEP,Other Cards,Sobble,MEP054,Black Star Promo,US/UK,,,,,,Mega Evolution - First Partner Illustration Collection Series 2,mega_placeholders.csv:144
MEP,MEP,Other Cards,Treecko,MEP055,Black Star Promo,US/UK,,,,,,Mega Evolution - First Partner Illustration Collection Series 3,mega_placeholders.csv:160
MEP,MEP,Other Cards,Torchic,MEP056,Black Star Promo,US/UK,,,,,,Mega Evolution - First Partner Illustration Collection Series 3,mega_placeholders.csv:161
MEP,MEP,Other Cards,Mudkip,MEP057,Black Star Promo,US/UK,,,,,,Mega Evolution - First Partner Illustration Collection Series 3,mega_placeholders.csv:162
MEP,MEP,Other Cards,Chespin,MEP058,Black Star Promo,US/UK,,,,,,Mega Evolution - First Partner Illustration Collection Series 3,mega_placeholders.csv:163
MEP,MEP,Other Cards,Fennekin,MEP059,Black Star Promo,US/UK,,,,,,Mega Evolution - First Partner Illustration Collection Series 3,mega_placeholders.csv:164
MEP,MEP,Other Cards,Froakie,MEP060,Black Star Promo,US/UK,,,,,,Mega Evolution - First Partner Illustration Collection Series 3,mega_placeholders.csv:165
MEP,MEP,Other Cards,Sprigatito,MEP061,Black Star Promo,US/UK,,,,,,Mega Evolution - First Partner Illustration Collection Series 3,mega_placeholders.csv:166
MEP,MEP,Other Cards,Fuecoco,MEP062,Black Star Promo,US/UK,,,,,,Mega Evolution - First Partner Illustration Collection Series 3,mega_placeholders.csv:167
MEP,MEP,Other Cards,Quaxly,MEP063,Black Star Promo,US/UK,,,,,,Mega Evolution - First Partner Illustration Collection Series 3,mega_placeholders.csv:168
