Release Set,Release Date,Product,Product Type,Card Name,Card Number,Variant,Region,Notes
Mega Evolution,2025-09-13,Mega Evolution Build & Battle Box,Build & Battle Box,Meganium,MEP001,Black Star Promo,US/UK,Prerelease promo
Mega Evolution,2025-09-13,Mega Evolution Build & Battle Box,Build & Battle Box,Inteleon,MEP002,Black Star Promo,US/UK,Prerelease promo
Mega Evolution,2025-09-13,Mega Evolution Build & Battle Box,Build & Battle Box,Alakazam,MEP003,Black Star Promo,US/UK,Prerelease promo
Mega Evolution,2025-09-13,Mega Evolution Build & Battle Box,Build & Battle Box,Lunatone,MEP004,Black Star Promo,US/UK,Prerelease promo
Mega Evolution,2025-09-13,Mega Evolution Build & Battle Box,Build & Battle Box,Meganium,MEG010,Non Holo,US/UK,
Mega Evolution,2025-09-13,Mega Evolution Build & Battle Box,Build & Battle Box,Xerneas,MEG064,Non Holo,US/UK,
Mega Evolution,2025-09-13,Mega Evolution Build & Battle Box,Build & Battle Box,Hariyama,MEG074,Non Holo,US/UK,
Mega Evolution,2025-09-26,Mega Evolution Blisters,Blister,Drifloon,MEP005,Pixel Cosmos Holo,US/UK,
Mega Evolution,2025-09-26,Mega Evolution Blisters,Blister,Drifblim,MEP006,Pixel Cosmos Holo,US/UK,
Mega Evolution,2025-09-26,Mega Evolution Blisters,Blister,Psyduck,MEP007,Pixel Cosmos Holo,US/UK,
Mega Evolution,2025-09-26,Mega Evolution Blisters,Blister,Golduck,MEP008,Pixel Cosmos Holo,US/UK,
Mega Evolution,2025-09-26,Mega Evolution Blisters,Blister,Sprigatito,JTG016,Standard,US/UK,Journey Together reprint
Mega Evolution,2025-09-26,Mega Evolution Blisters,Blister,Floragato,JTG017,Standard,US/UK,Journey Together reprint
Mega Evolution,2025-09-26,Mega Evolution Blisters,Blister,Meowscarada,JTG018,Cosmos Holo,US/UK,Journey Together reprint
Mega Evolution,2025-09-26,Mega Evolution Blisters,Blister,Wailmer,JTG040,Standard,US/UK,Journey Together reprint
Mega Evolution,2025-09-26,Mega Evolution Blisters,Blister,Wailord,JTG041,Cosmos Holo,US/UK,Journey Together reprint
Mega Evolution,2025-09-26,Mega Evolution Blisters,Blister,Larvitar,JTG080,Standard,US/UK,Journey Together reprint
Mega Evolution,2025-09-26,Mega Evolution Blisters,Blister,Pupitar,JTG081,Standard,US/UK,Journey Together reprint
Mega Evolution,2025-09-26,Mega Evolution Blisters,Blister,Rockruff,JTG084,Standard,US/UK,Journey Together reprint
Mega Evolution,2025-09-26,Mega Evolution Blisters,Blister,Lycanroc,JTG085,Cosmos Holo,US/UK,Journey Together reprint
Mega Evolution,2025-09-26,Mega Evolution Blisters,Blister,Tyranitar,JTG095,Cosmos Holo,US/UK,Journey Together reprint
Mega Evolution,2025-09-26,Mega Evolution Booster Display Boxes,Booster Display Box,Bulbasaur,MEG133,Mega Evolution Stamp,US/UK,Enhanced Booster Display Box bonus card
Mega Evolution,2025-09-26,Mega Evolution Elite Trainer Box,Elite Trainer Box,Alakazam,MEP009,Black Star Promo,US/UK,
Mega Evolution,2025-09-26,Mega Evolution Elite Trainer Box,Elite Trainer Box,Alakazam,MEP009,Pokemon Center Stamp,US/UK,
Mega Evolution,2025-09-26,Mega Evolution Elite Trainer Box,Elite Trainer Box,Riolu,MEP010,Black Star Promo,US/UK,
Mega Evolution,2025-09-26,Mega Evolution Elite Trainer Box,Elite Trainer Box,Riolu,MEP010,Pokemon Center Stamp,US/UK,
Mega Evolution,2025-10-10,Mega Latias ex Box,Collection Box,Mega Latias ex,MEP011,Black Star Promo,US/UK,
Mega Evolution,2025-10-24,Trainer's Toolkit 2025,Trainer's Toolkit,Black Belt's Training,SVP219,Black Star Promo,US/UK,SVP promo in Mega-era product
Mega Evolution,2025-10-24,Trainer's Toolkit 2025,Trainer's Toolkit,Black Belt's Training,SVP220,Black Star Promo,US/UK,SVP promo in Mega-era product
Mega Evolution,2025-10-24,Trainer's Toolkit 2025,Trainer's Toolkit,Professor's Research [Professor Birch],SVP221,Black Star Promo,US/UK,SVP promo in Mega-era product
Mega Evolution,2025-10-24,Trainer's Toolkit 2025,Trainer's Toolkit,Professor's Research [Professor Kukui],SVP222,Black Star Promo,US/UK,SVP promo in Mega-era product
Mega Evolution,2025-10-24,Trainer's Toolkit 2025,Trainer's Toolkit,Professor's Research [Professor Magnolia],SVP223,Black Star Promo,US/UK,SVP promo in Mega-era product
Mega Evolution,2025-10-24,Trainer's Toolkit 2025,Trainer's Toolkit,Boss's Orders [Ghetsis],PAL172,Non Holo,US/UK,Paldea Evolved reprint
Mega Evolution,2025-10-24,Mega Battle Deck Mega Gengar ex,Mega Battle Deck,Haunter,MEP027,Black Star Promo,US/UK,
Mega Evolution,2025-10-24,Mega Battle Deck Mega Diancie ex,Mega Battle Deck,Meloetta,MEP026,Black Star Promo,US/UK,
Mega Evolution,2025-11-07,Mega Lucario ex Figure Collection,Figure Collection,Mega Lucario ex,MEP012,Black Star Promo,US/UK,
Phantasmal Flames,2025-11-01,Phantasmal Flames Build & Battle Box,Build & Battle Box,Ceruledge,MEP014,Black Star Promo,US/UK,Prerelease promo
Phantasmal Flames,2025-11-01,Phantasmal Flames Build & Battle Box,Build & Battle Box,Zacian,MEP015,Black Star Promo,US/UK,Prerelease promo
Phantasmal Flames,2025-11-01,Phantasmal Flames Build & Battle Box,Build & Battle Box,Flygon,MEP016,Black Star Promo,US/UK,Prerelease promo
Phantasmal Flames,2025-11-01,Phantasmal Flames Build & Battle Box,Build & Battle Box,Toxtricity,MEP017,Black Star Promo,US/UK,Prerelease promo
Phantasmal Flames,2025-11-14,Phantasmal Flames Blisters,Blister,Cottonee,MEP018,Smooth Cosmos Holo,US/UK,
Phantasmal Flames,2025-11-14,Phantasmal Flames Blisters,Blister,Whimsicott,MEP019,Smooth Cosmos Holo,US/UK,
Phantasmal Flames,2025-11-14,Phantasmal Flames Blisters,Blister,Sneasel,MEP020,Smooth Cosmos Holo,US/UK,
Phantasmal Flames,2025-11-14,Phantasmal Flames Blisters,Blister,Weavile,MEP021,Smooth Cosmos Holo,US/UK,
Phantasmal Flames,2025-11-14,Phantasmal Flames Blisters,Blister,Applin,DRI016,Standard,US/UK,Destined Rivals reprint
Phantasmal Flames,2025-11-14,Phantasmal Flames Blisters,Blister,Dipplin,DRI017,Standard,US/UK,Destined Rivals reprint
Phantasmal Flames,2025-11-14,Phantasmal Flames Blisters,Blister,Hydrapple,DRI018,Pixel Cosmos Holo,US/UK,Destined Rivals reprint
Phantasmal Flames,2025-11-14,Phantasmal Flames Blisters,Blister,Torchic,DRI040,Standard,US/UK,Destined Rivals reprint
Phantasmal Flames,2025-11-14,Phantasmal Flames Blisters,Blister,Combusken,DRI041,Standard,US/UK,Destined Rivals reprint
Phantasmal Flames,2025-11-14,Phantasmal Flames Blisters,Blister,Blaziken,DRI042,Pixel Cosmos Holo,US/UK,Destined Rivals reprint
Phantasmal Flames,2025-11-14,Phantasmal Flames Elite Trainer Box,Elite Trainer Box,Charcadet,MEP022,Black Star Promo,US/UK,
Phantasmal Flames,2025-11-14,Phantasmal Flames Elite Trainer Box,Elite Trainer Box,Charcadet,MEP022,Pokemon Center Stamp,US/UK,
Phantasmal Flames,2025-11-14,Mega Charizard X ex Ultra-Premium Collection,Ultra-Premium Collection,Mega Charizard X ex,MEP023,Black Star Promo,US/UK,
Phantasmal Flames,2025-11-14,Mega Charizard X ex Ultra-Premium Collection,Ultra-Premium Collection,Oricorio ex,MEP024,Black Star Promo,US/UK,
Phantasmal Flames,2025-11-14,Mega Evolution Knock Out Collection,Knock Out Collection,Kyogre,MEG034,Standard,US/UK,
Phantasmal Flames,2025-11-14,Mega Evolution Knock Out Collection,Knock Out Collection,Suicune,PFL026,Standard,US/UK,
Mega Evolution,2025-11-21,2026 Pokemon Latin America International Championships merchandise,Event Merchandise,Ultra Ball,MEG131,Pokemon Latin America International Championships Stamp,Brazilian Portuguese,Competitor promo
Mega Evolution,2025-12-05,Mega Evolution Collector Chest,Collector Chest,Ralts,MEG058,Cosmos Holo,US/UK,
Mega Evolution,2025-12-05,Mega Evolution Collector Chest,Collector Chest,Kirlia,MEG059,Cosmos Holo,US/UK,
Mega Evolution,2025-12-05,Mega Evolution Collector Chest,Collector Chest,Riolu,MEG076,Cosmos Holo,US/UK,
Mega Evolution,2025-12-05,Mega Kangaskhan ex Box,Collection Box,Mega Kangaskhan ex,MEP025,Black Star Promo,US/UK,Europe release 2025-11-14
Mega Evolution,2025-12-05,Mega Venusaur ex Premium Collection,Premium Collection,Mega Venusaur ex,MEP013,Black Star Promo,US/UK,Europe release 2025-11-14
Mega Evolution,2026-01-01,Raikou Two Pack Blister,Two Pack Blister,Raikou,MEG048,Pixel Cosmos Holo,US/UK,
Mega Evolution,2026-01-30,Pokemon Day 2026 Collection,Collection Box,Pikachu,TEF051,2026 Pokemon Day Stamp,US/UK,Temporal Forces reprint
Ascended Heroes,2026-01-30,Ascended Heroes Tech Sticker Collections,Tech Sticker Collection,Charmander,ASC020,Pixel Cosmos Holo,US/UK,
Ascended Heroes,2026-01-30,Ascended Heroes Tech Sticker Collections,Tech Sticker Collection,Gastly,ASC123,Pixel Cosmos Holo,US/UK,
Mega Evolution,2026-02-13,2026 Pokemon Europe International Championships merchandise,Event Merchandise,Ultra Ball,MEG131,Pokemon Europe International Championships Stamp,Europe,Competitor promo
Ascended Heroes,2026-02-20,Ascended Heroes Collection,Collection Box,Erika's Tangela,ASC007,Standard,US/UK,Europe release 2026-01-30
Ascended Heroes,2026-02-20,Ascended Heroes Collection,Collection Box,Larry's Komala,ASC175,Standard,US/UK,Europe release 2026-01-30
Ascended Heroes,2026-02-20,Ascended Heroes Elite Trainer Box,Elite Trainer Box,N's Zekrom,MEP031,Black Star Promo,US/UK,
Ascended Heroes,2026-02-20,Ascended Heroes Elite Trainer Box,Elite Trainer Box,N's Zekrom,MEP031,Pokemon Center Stamp,US/UK,
Ascended Heroes,2026-02-20,Mega Charizard Tins,Tin,Mega Charizard X ex,MEP029,Black Star Promo,US/UK,
Ascended Heroes,2026-02-20,Mega Charizard Tins,Tin,Mega Charizard Y ex,MEP030,Black Star Promo,US/UK,
Ascended Heroes,2026-03-20,Ascended Heroes Premium Poster Collection,Premium Poster Collection,Mega Gardevoir ex,MEP032,Black Star Promo,US/UK,
Ascended Heroes,2026-03-20,Ascended Heroes Premium Poster Collection,Premium Poster Collection,Mega Lucario ex,MEP033,Black Star Promo,US/UK,
Ascended Heroes,2026-03-20,Ascended Heroes First Partners Deluxe Pin Collection,Pin Collection,Chikorita,ASC008,Pixel Cosmos Holo,US/UK,
Ascended Heroes,2026-03-20,Ascended Heroes First Partners Deluxe Pin Collection,Pin Collection,Tepig,ASC029,Pixel Cosmos Holo,US/UK,
Ascended Heroes,2026-03-20,Ascended Heroes First Partners Deluxe Pin Collection,Pin Collection,Totodile,ASC041,Pixel Cosmos Holo,US/UK,
Mega Evolution,2026-03-20,First Partner Illustration Collection Series 1,Illustration Collection,Bulbasaur,MEP037,Black Star Promo,US/UK,
Mega Evolution,2026-03-20,First Partner Illustration Collection Series 1,Illustration Collection,Charmander,MEP038,Black Star Promo,US/UK,
Mega Evolution,2026-03-20,First Partner Illustration Collection Series 1,Illustration Collection,Squirtle,MEP039,Black Star Promo,US/UK,
Mega Evolution,2026-03-20,First Partner Illustration Collection Series 1,Illustration Collection,Turtwig,MEP040,Black Star Promo,US/UK,
Mega Evolution,2026-03-20,First Partner Illustration Collection Series 1,Illustration Collection,Chimchar,MEP041,Black Star Promo,US/UK,
Mega Evolution,2026-03-20,First Partner Illustration Collection Series 1,Illustration Collection,Piplup,MEP042,Black Star Promo,US/UK,
Mega Evolution,2026-03-20,First Partner Illustration Collection Series 1,Illustration Collection,Rowlet,MEP043,Black Star Promo,US/UK,
Mega Evolution,2026-03-20,First Partner Illustration Collection Series 1,Illustration Collection,Litten,MEP044,Black Star Promo,US/UK,
Mega Evolution,2026-03-20,First Partner Illustration Collection Series 1,Illustration Collection,Popplio,MEP045,Black Star Promo,US/UK,
Perfect Order,2026-03-14,Perfect Order Build & Battle Box,Build & Battle Box,Serperior,MEP064,Black Star Promo,US/UK,Prerelease promo
Perfect Order,2026-03-14,Perfect Order Build & Battle Box,Build & Battle Box,Barbaracle,MEP065,Black Star Promo,US/UK,Prerelease promo
Perfect Order,2026-03-14,Perfect Order Build & Battle Box,Build & Battle Box,Tyrantrum,MEP066,Black Star Promo,US/UK,Prerelease promo
Perfect Order,2026-03-14,Perfect Order Build & Battle Box,Build & Battle Box,Doublade,MEP067,Black Star Promo,US/UK,Prerelease promo
Perfect Order,2026-03-27,Perfect Order Blisters,Blister,Makuhita,MEP068,Smooth Cosmos Holo,US/UK,
Perfect Order,2026-03-27,Perfect Order Blisters,Blister,Chikorita,MEP069,Smooth Cosmos Holo,US/UK,
Perfect Order,2026-03-27,Perfect Order Blisters,Blister,Chikorita,MEG008,Standard,US/UK,Mega Evolution reprint
Perfect Order,2026-03-27,Perfect Order Blisters,Blister,Bayleef,MEG009,Standard,US/UK,Mega Evolution reprint
Perfect Order,2026-03-27,Perfect Order Blisters,Blister,Meganium,MEG010,Pixel Cosmos Holo,US/UK,Mega Evolution reprint
Perfect Order,2026-03-27,Perfect Order Blisters,Blister,Scorbunny,MEG026,Standard,US/UK,Mega Evolution reprint
Perfect Order,2026-03-27,Perfect Order Blisters,Blister,Raboot,MEG027,Standard,US/UK,Mega Evolution reprint
Perfect Order,2026-03-27,Perfect Order Blisters,Blister,Cinderace,MEG028,Pixel Cosmos Holo,US/UK,Mega Evolution reprint
Perfect Order,2026-03-27,Perfect Order Blisters,Blister,Clauncher,MEG037,Standard,US/UK,Mega Evolution reprint
Perfect Order,2026-03-27,Perfect Order Blisters,Blister,Clawitzer,MEG038,Pixel Cosmos Holo,US/UK,Mega Evolution reprint
Perfect Order,2026-03-27,Perfect Order Blisters,Blister,Onix,MEG070,Standard,US/UK,Mega Evolution reprint
Perfect Order,2026-03-27,Perfect Order Blisters,Blister,Steelix,MEG093,Pixel Cosmos Holo,US/UK,Mega Evolution reprint
Perfect Order,2026-03-27,Perfect Order Elite Trainer Box,Elite Trainer Box,Tyrunt,MEP070,Black Star Promo,US/UK,
Perfect Order,2026-03-27,Perfect Order Elite Trainer Box,Elite Trainer Box,Tyrunt,MEP070,Pokemon Center Stamp,US/UK,
Phantasmal Flames,2026-03-27,Enhanced 2-Pack Blister: Oddish Gloom & Vileplume,Enhanced 2-Pack Blister,Oddish,PFL001,Pixel Cosmos Holo,US/UK,
Phantasmal Flames,2026-03-27,Enhanced 2-Pack Blister: Oddish Gloom & Vileplume,Enhanced 2-Pack Blister,Gloom,PFL002,Pixel Cosmos Holo,US/UK,
Phantasmal Flames,2026-03-27,Enhanced 2-Pack Blister: Oddish Gloom & Vileplume,Enhanced 2-Pack Blister,Vileplume,PFL003,Pixel Cosmos Holo,US/UK,
Ascended Heroes,2026-04-24,Mega Meganium ex Box,Collection Box,Mega Meganium ex,MEP034,Black Star Promo,US/UK,
Ascended Heroes,2026-04-24,Mega Emboar ex Box,Collection Box,Mega Emboar ex,MEP035,Black Star Promo,US/UK,
Ascended Heroes,2026-04-24,Mega Feraligatr ex Box,Collection Box,Mega Feraligatr ex,MEP036,Black Star Promo,US/UK,
Perfect Order,2026-05-22,Mega Zygarde ex Premium Collection,Premium Collection,Mega Zygarde ex,MEP071,Black Star Promo,US/UK,Europe release 2026-05-01
Chaos Rising,2026-05-09,Chaos Rising Build & Battle Box,Build & Battle Box,Delphox,MEP074,Black Star Promo,US/UK,Prerelease promo
Chaos Rising,2026-05-09,Chaos Rising Build & Battle Box,Build & Battle Box,Ampharos,MEP075,Black Star Promo,US/UK,Prerelease promo
Chaos Rising,2026-05-09,Chaos Rising Build & Battle Box,Build & Battle Box,Crobat,MEP076,Black Star Promo,US/UK,Prerelease promo
Chaos Rising,2026-05-09,Chaos Rising Build & Battle Box,Build & Battle Box,Goodra,MEP077,Black Star Promo,US/UK,Prerelease promo
Chaos Rising,2026-05-22,Chaos Rising Blisters,Blister,Toxel,MEP078,Smooth Cosmos Holo,US/UK,
Chaos Rising,2026-05-22,Chaos Rising Blisters,Blister,Charmeleon,MEP079,Smooth Cosmos Holo,US/UK,
Chaos Rising,2026-05-22,Chaos Rising Blisters,Blister,Moltres,PFL014,Non Holo,US/UK,Phantasmal Flames reprint
Chaos Rising,2026-05-22,Chaos Rising Blisters,Blister,Reshiram,PFL017,Cosmos Holo,US/UK,Phantasmal Flames reprint
Chaos Rising,2026-05-22,Chaos Rising Blisters,Blister,Pawmi,PFL032,Standard,US/UK,Phantasmal Flames reprint
Chaos Rising,2026-05-22,Chaos Rising Blisters,Blister,Pawmo,PFL033,Standard,US/UK,Phantasmal Flames reprint
Chaos Rising,2026-05-22,Chaos Rising Blisters,Blister,Pawmot,PFL034,Cosmos Holo,US/UK,Phantasmal Flames reprint
Chaos Rising,2026-05-22,Chaos Rising Blisters,Blister,Mimikyu,PFL042,Standard,US/UK,Phantasmal Flames reprint
Chaos Rising,2026-05-22,Chaos Rising Blisters,Blister,Zacian,PFL045,Cosmos Holo,US/UK,Phantasmal Flames reprint
Chaos Rising,2026-05-22,Chaos Rising Blisters,Blister,Trapinch,PFL051,Standard,US/UK,Phantasmal Flames reprint
Chaos Rising,2026-05-22,Chaos Rising Blisters,Blister,Vibrava,PFL052,Standard,US/UK,Phantasmal Flames reprint
Chaos Rising,2026-05-22,Chaos Rising Blisters,Blister,Flygon,PFL053,Cosmos Holo,US/UK,Phantasmal Flames reprint
Chaos Rising,2026-05-22,Chaos Rising Elite Trainer Box,Elite Trainer Box,Fennekin,MEP080,Black Star Promo,US/UK,
Chaos Rising,2026-05-22,Chaos Rising Elite Trainer Box,Elite Trainer Box,Fennekin,MEP080,Pokemon Center Stamp,US/UK,
Black Bolt & White Flare,2026-05-22,Pokemon Fossil Museum merchandise,Event Merchandise,Archeops,WHT051,Excavator Pikachu Stamp,US/UK,White Flare reprint
Chaos Rising,2026-06-05,Mega Moonlit Tins,Tin,Mega Clefable ex,MEP072,Black Star Promo,US/UK,
Chaos Rising,2026-06-05,Mega Moonlit Tins,Tin,Mega Gengar ex,MEP073,Black Star Promo,US/UK,
Mega Evolution,2026-06-12,2026 Pokemon North America International Championships merchandise,Event Merchandise,Ultra Ball,MEG131,Pokemon North America International Championships Stamp,US,Competitor promo
Mega Evolution,2026-06-19,First Partner Illustration Collection Series 2,Illustration Collection,Chikorita,MEP046,Black Star Promo,US/UK,
Mega Evolution,2026-06-19,First Partner Illustration Collection Series 2,Illustration Collection,Cyndaquil,MEP047,Black Star Promo,US/UK,
Mega Evolution,2026-06-19,First Partner Illustration Collection Series 2,Illustration Collection,Totodile,MEP048,Black Star Promo,US/UK,
Mega Evolution,2026-06-19,First Partner Illustration Collection Series 2,Illustration Collection,Snivy,MEP049,Black Star Promo,US/UK,
Mega Evolution,2026-06-19,First Partner Illustration Collection Series 2,Illustration Collection,Tepig,MEP050,Black Star Promo,US/UK,
Mega Evolution,2026-06-19,First Partner Illustration Collection Series 2,Illustration Collection,Oshawott,MEP051,Black Star Promo,US/UK,
Mega Evolution,2026-06-19,First Partner Illustration Collection Series 2,Illustration Collection,Grookey,MEP052,Black Star Promo,US/UK,
Mega Evolution,2026-06-19,First Partner Illustration Collection Series 2,Illustration Collection,Scorbunny,MEP053,Black Star Promo,US/UK,
Mega Evolution,2026-06-19,First Partner Illustration Collection Series 2,Illustration Collection,Sobble,MEP054,Black Star Promo,US/UK,
Chaos Rising,2026-07-03,Mega Greninja ex Premium Collection,Premium Collection,Mega Greninja ex,MEP081,Black Star Promo,US/UK,
Pitch Black,2026-07-17,Pitch Black Blisters,Blister,Slowpoke,MEP086,Smooth Cosmos Holo,US/UK,
Pitch Black,2026-07-17,Pitch Black Blisters,Blister,Binacle,MEP087,Smooth Cosmos Holo,US/UK,
Pitch Black,2026-07-17,Pitch Black Blisters,Blister,Amaura,POR023,Standard,US/UK,Perfect Order reprint
Pitch Black,2026-07-17,Pitch Black Blisters,Blister,Aurorus,POR024,Standard,US/UK,Perfect Order reprint
Pitch Black,2026-07-17,Pitch Black Blisters,Blister,Shinx,POR025,Standard,US/UK,Perfect Order reprint
Pitch Black,2026-07-17,Pitch Black Blisters,Blister,Luxio,POR026,Standard,US/UK,Perfect Order reprint
Pitch Black,2026-07-17,Pitch Black Blisters,Blister,Luxray,POR027,Pixel Cosmos Holo,US/UK,Perfect Order reprint
Pitch Black,2026-07-17,Pitch Black Blisters,Blister,Tyrunt,POR044,Standard,US/UK,Perfect Order reprint
Pitch Black,2026-07-17,Pitch Black Blisters,Blister,Tyrantrum,POR045,Standard,US/UK,Perfect Order reprint
Pitch Black,2026-07-17,Pitch Black Blisters,Blister,Gastly,POR048,Standard,US/UK,Perfect Order reprint
Pitch Black,2026-07-17,Pitch Black Blisters,Blister,Haunter,POR049,Standard,US/UK,Perfect Order reprint
Pitch Black,2026-07-17,Pitch Black Blisters,Blister,Gengar,POR050,Pixel Cosmos Holo,US/UK,Perfect Order reprint
Pitch Black,2026-07-17,Pitch Black Elite Trainer Box,Elite Trainer Box,Zarude,MEP088,Black Star Promo,US/UK,
Pitch Black,2026-07-17,Pitch Black Elite Trainer Box,Elite Trainer Box,Zarude,MEP088,Pokemon Center Stamp,US/UK,
Mega Evolution,2026-08-07,First Partner Illustration Collection Series 3,Illustration Collection,Treecko,MEP055,Black Star Promo,US/UK,
Mega Evolution,2026-08-07,First Partner Illustration Collection Series 3,Illustration Collection,Torchic,MEP056,Black Star Promo,US/UK,
Mega Evolution,2026-08-07,First Partner Illustration Collection Series 3,Illustration Collection,Mudkip,MEP057,Black Star Promo,US/UK,
Mega Evolution,2026-08-07,First Partner Illustration Collection Series 3,Illustration Collection,Chespin,MEP058,Black Star Promo,US/UK,
Mega Evolution,2026-08-07,First Partner Illustration Collection Series 3,Illustration Collection,Fennekin,MEP059,Black Star Promo,US/UK,
Mega Evolution,2026-08-07,First Partner Illustration Collection Series 3,Illustration Collection,Froakie,MEP060,Black Star Promo,US/UK,
Mega Evolution,2026-08-07,First Partner Illustration Collection Series 3,Illustration Collection,Sprigatito,MEP061,Black Star Promo,US/UK,
Mega Evolution,2026-08-07,First Partner Illustration Collection Series 3,Illustration Collection,Fuecoco,MEP062,Black Star Promo,US/UK,
Mega Evolution,2026-08-07,First Partner Illustration Collection Series 3,Illustration Collection,Quaxly,MEP063,Black Star Promo,US/UK,
Pitch Black,2026-08-28,Mega Forces Tins,Tin,Mega Zeraora ex,,Black Star Promo,US/UK,MEP promo number not specified in source
Pitch Black,2026-08-28,Mega Forces Tins,Tin,Mega Darkrai ex,,Black Star Promo,US/UK,MEP promo number not specified in source
Pitch Black,2026-08-28,Mega Forces Tins,Tin,Mega Dragonite ex,,Black Star Promo,US/UK,MEP promo number not specified in source
Ascended Heroes,2026-08-28,Ascended Heroes Tins,Tin,Mega Meganium ex,MEP034,Black Star Promo,US/UK,Previously released in Mega Meganium ex Box
Ascended Heroes,2026-08-28,Ascended Heroes Tins,Tin,Mega Emboar ex,MEP035,Black Star Promo,US/UK,Previously released in Mega Emboar ex Box
Ascended Heroes,2026-08-28,Ascended Heroes Tins,Tin,Mega Feraligatr ex,MEP036,Black Star Promo,US/UK,Previously released in Mega Feraligatr ex Box
Ascended Heroes,2026-08-28,2026 Pokemon World Championships merchandise,Event Merchandise,Rayquaza,ASC173,PXP Stamp,US,Attendee promo
Mega Evolution,2026-08-28,2026 Pokemon World Championships merchandise,Event Merchandise,Paradise Resort,MEP092,World Championships 2026 Stamp,US,Competitor promo
Mega Evolution,2026-08-28,2026 Pokemon World Championships merchandise,Event Merchandise,Pikachu,MEP093,2026 Pokemon World Championships Logo Stamp,US,Participation promo
Mega Evolution,2026-08-28,2026 Pokemon World Championships merchandise,Event Merchandise,Pikachu,MEP093,Play Pokemon Winner Stamp,US,Winner promo
Pitch Black,,Zarude Two Pack Blister,Two Pack Blister,Zarude,PBL056,Pixel Cosmos Holo,US/UK,Released August 2026
Mega Evolution,2025-09-26,Retailer Gift With Purchase,Retailer Promo,Xerneas,MEG064,Mega Evolution Stamp,US/Australia/New Zealand,Best Buy or JB Hi-Fi; spend 15 dollars on Pokemon TCG products
Mega Evolution,2025-09-26,Retailer Gift With Purchase,Retailer Promo,Yveltal,,GameStop Stamp,US,Card number to verify; spend 15 dollars on Pokemon TCG products
Mega Evolution,2025-09-26,Retailer Gift With Purchase,Retailer Promo,Yveltal,,EB Games Stamp,Canada/Australia/New Zealand,Card number to verify; spend 15 dollars on Pokemon TCG products
Phantasmal Flames,2025-11-14,Retailer Gift With Purchase,Retailer Promo,Suicune,PFL026,GameStop Stamp,US,Spend 15 dollars on Pokemon TCG products
Phantasmal Flames,2025-11-14,Retailer Gift With Purchase,Retailer Promo,Suicune,PFL026,EB Games Stamp,Canada/Australia/New Zealand,Spend 15 dollars on Pokemon TCG products
Phantasmal Flames,2025-11-14,Retailer Gift With Purchase,Retailer Promo,Reshiram,PFL017,Phantasmal Flames Stamp,US,Hot Topic or Barnes & Noble; spend 15 dollars on Pokemon TCG products
Phantasmal Flames,2025-11-14,Retailer Gift With Purchase,Retailer Promo,Genesect,,Phantasmal Flames Stamp,US/Australia/New Zealand,Card number to verify; Best Buy or Mr Toys or Toymate or JB Hi-Fi
Perfect Order,2026-03-27,Retailer Gift With Purchase,Retailer Promo,Gengar,POR050,GameStop Stamp,US,Spend 15 dollars on Pokemon TCG products
Perfect Order,2026-03-27,Retailer Gift With Purchase,Retailer Promo,Gengar,POR050,EB Games Stamp,Canada/Australia,Spend 15 dollars on Pokemon TCG products
Perfect Order,2026-03-27,Retailer Gift With Purchase,Retailer Promo,Luxray,POR027,Perfect Order Stamp,US/Australia/New Zealand,Best Buy or JB Hi-Fi or Mr Toys or Toymate
Perfect Order,2026-03-27,Retailer Gift With Purchase,Retailer Promo,Aurorus,POR024,Perfect Order Stamp,US,Hot Topic or Barnes & Noble
Chaos Rising,2026-05-22,Retailer Gift With Purchase,Retailer Promo,Ho-Oh,,GameStop Stamp,US,Card number to verify; spend 15 dollars on Pokemon TCG products
Chaos Rising,2026-05-22,Retailer Gift With Purchase,Retailer Promo,Ho-Oh,,EB Games Stamp,Canada/Australia,Card number to verify; spend 15 dollars on Pokemon TCG products
Chaos Rising,2026-05-22,Retailer Gift With Purchase,Retailer Promo,Keldeo,,Chaos Rising Stamp,US,Card number to verify; Hot Topic or Barnes & Noble or BoxLunch
Chaos Rising,2026-05-22,Retailer Gift With Purchase,Retailer Promo,Delphox,,Chaos Rising Stamp,US/Australia/New Zealand,Card number to verify; Best Buy or Mr Toys or Toymate or JB Hi-Fi
