Source Row,Release Set,Release Date,Product,Product Type,Card Name,Card Number,Variant,Region,Notes
mega_placeholders.csv:2,Mega Evolution,2025-09-13,Mega Evolution Build & Battle Box,Build & Battle Box,Meganium,MEP001,Black Star Promo,US/UK,Prerelease promo
mega_placeholders.csv:3,Mega Evolution,2025-09-13,Mega Evolution Build & Battle Box,Build & Battle Box,Inteleon,MEP002,Black Star Promo,US/UK,Prerelease promo
mega_placeholders.csv:4,Mega Evolution,2025-09-13,Mega Evolution Build & Battle Box,Build & Battle Box,Alakazam,MEP003,Black Star Promo,US/UK,Prerelease promo
mega_placeholders.csv:5,Mega Evolution,2025-09-13,Mega Evolution Build & Battle Box,Build & Battle Box,Lunatone,MEP004,Black Star Promo,US/UK,Prerelease promo
mega_placeholders.csv:6,Mega Evolution,2025-09-13,Mega Evolution Build & Battle Box,Build & Battle Box,Meganium,MEG010,Non Holo,US/UK,
mega_placeholders.csv:7,Mega Evolution,2025-09-13,Mega Evolution Build & Battle Box,Build & Battle Box,Xerneas,MEG064,Non Holo,US/UK,
mega_placeholders.csv:8,Mega Evolution,2025-09-13,Mega Evolution Build & Battle Box,Build & Battle Box,Hariyama,MEG074,Non Holo,US/UK,
mega_placeholders.csv:9,Mega Evolution,2025-09-26,Mega Evolution Blisters,Blister,Drifloon,MEP005,Pixel Cosmos Holo,US/UK,
mega_placeholders.csv:10,Mega Evolution,2025-09-26,Mega Evolution Blisters,Blister,Drifblim,MEP006,Pixel Cosmos Holo,US/UK,
mega_placeholders.csv:11,Mega Evolution,2025-09-26,Mega Evolution Blisters,Blister,Psyduck,MEP007,Pixel Cosmos Holo,US/UK,
mega_placeholders.csv:12,Mega Evolution,2025-09-26,Mega Evolution Blisters,Blister,Golduck,MEP008,Pixel Cosmos Holo,US/UK,
mega_placeholders.csv:13,Mega Evolution,2025-09-26,Mega Evolution Blisters,Blister,Sprigatito,JTG016,Standard,US/UK,Journey Together reprint
mega_placeholders.csv:14,Mega Evolution,2025-09-26,Mega Evolution Blisters,Blister,Floragato,JTG017,Standard,US/UK,Journey Together reprint
mega_placeholders.csv:15,Mega Evolution,2025-09-26,Mega Evolution Blisters,Blister,Meowscarada,JTG018,Cosmos Holo,US/UK,Journey Together reprint
mega_placeholders.csv:16,Mega Evolution,2025-09-26,Mega Evolution Blisters,Blister,Wailmer,JTG040,Standard,US/UK,Journey Together reprint
mega_placeholders.csv:17,Mega Evolution,2025-09-26,Mega Evolution Blisters,Blister,Wailord,JTG041,Cosmos Holo,US/UK,Journey Together reprint
mega_placeholders.csv:18,Mega Evolution,2025-09-26,Mega Evolution Blisters,Blister,Larvitar,JTG080,Standard,US/UK,Journey Together reprint
mega_placeholders.csv:19,Mega Evolution,2025-09-26,Mega Evolution Blisters,Blister,Pupitar,JTG081,Standard,US/UK,Journey Together reprint
mega_placeholders.csv:20,Mega Evolution,2025-09-26,Mega Evolution Blisters,Blister,Rockruff,JTG084,Standard,US/UK,Journey Together reprint
mega_placeholders.csv:21,Mega Evolution,2025-09-26,Mega Evolution Blisters,Blister,Lycanroc,JTG085,Cosmos Holo,US/UK,Journey Together reprint
mega_placeholders.csv:22,Mega Evolution,2025-09-26,Mega Evolution Blisters,Blister,Tyranitar,JTG095,Cosmos Holo,US/UK,Journey Together reprint
mega_placeholders.csv:23,Mega Evolution,2025-09-26,Mega Evolution Booster Display Boxes,Booster Display Box,Bulbasaur,MEG133,Mega Evolution Stamp,US/UK,Enhanced Booster Display Box bonus card
mega_placeholders.csv:24,Mega Evolution,2025-09-26,Mega Evolution Elite Trainer Box,Elite Trainer Box,Alakazam,MEP009,Black Star Promo,US/UK,
mega_placeholders.csv:25,Mega Evolution,2025-09-26,Mega Evolution Elite Trainer Box,Elite Trainer Box,Alakazam,MEP009,Pokemon Center Stamp,US/UK,
mega_placeholders.csv:26,Mega Evolution,2025-09-26,Mega Evolution Elite Trainer Box,Elite Trainer Box,Riolu,MEP010,Black Star Promo,US/UK,
mega_placeholders.csv:27,Mega Evolution,2025-09-26,Mega Evolution Elite Trainer Box,Elite Trainer Box,Riolu,MEP010,Pokemon Center Stamp,US/UK,
mega_placeholders.csv:28,Mega Evolution,2025-10-10,Mega Latias ex Box,Collection Box,Mega Latias ex,MEP011,Black Star Promo,US/UK,
mega_placeholders.csv:29,Mega Evolution,2025-10-24,Trainer's Toolkit 2025,Trainer's Toolkit,Black Belt's Training,SVP219,Black Star Promo,US/UK,SVP promo in Mega-era product
mega_placeholders.csv:30,Mega Evolution,2025-10-24,Trainer's Toolkit 2025,Trainer's Toolkit,Black Belt's Training,SVP220,Black Star Promo,US/UK,SVP promo in Mega-era product
mega_placeholders.csv:31,Mega Evolution,2025-10-24,Trainer's Toolkit 2025,Trainer's Toolkit,Professor's Research [Professor Birch],SVP221,Black Star Promo,US/UK,SVP promo in Mega-era product
mega_placeholders.csv:32,Mega Evolution,2025-10-24,Trainer's Toolkit 2025,Trainer's Toolkit,Professor's Research [Professor Kukui],SVP222,Black Star Promo,US/UK,SVP promo in Mega-era product
mega_placeholders.csv:33,Mega Evolution,2025-10-24,Trainer's Toolkit 2025,Trainer's Toolkit,Professor's Research [Professor Magnolia],SVP223,Black Star Promo,US/UK,SVP promo in Mega-era product
mega_placeholders.csv:34,Mega Evolution,2025-10-24,Trainer's Toolkit 2025,Trainer's Toolkit,Boss's Orders [Ghetsis],PAL172,Non Holo,US/UK,Paldea Evolved reprint
mega_placeholders.csv:35,Mega Evolution,2025-10-24,Mega Battle Deck Mega Gengar ex,Mega Battle Deck,Haunter,MEP027,Black Star Promo,US/UK,
mega_placeholders.csv:36,Mega Evolution,2025-10-24,Mega Battle Deck Mega Diancie ex,Mega Battle Deck,Meloetta,MEP026,Black Star Promo,US/UK,
mega_placeholders.csv:37,Mega Evolution,2025-11-07,Mega Lucario ex Figure Collection,Figure Collection,Mega Lucario ex,MEP012,Black Star Promo,US/UK,
mega_placeholders.csv:38,Phantasmal Flames,2025-11-01,Phantasmal Flames Build & Battle Box,Build & Battle Box,Ceruledge,MEP014,Black Star Promo,US/UK,Prerelease promo
mega_placeholders.csv:39,Phantasmal Flames,2025-11-01,Phantasmal Flames Build & Battle Box,Build & Battle Box,Zacian,MEP015,Black Star Promo,US/UK,Prerelease promo
mega_placeholders.csv:40,Phantasmal Flames,2025-11-01,Phantasmal Flames Build & Battle Box,Build & Battle Box,Flygon,MEP016,Black Star Promo,US/UK,Prerelease promo
mega_placeholders.csv:41,Phantasmal Flames,2025-11-01,Phantasmal Flames Build & Battle Box,Build & Battle Box,Toxtricity,MEP017,Black Star Promo,US/UK,Prerelease promo
mega_placeholders.csv:42,Phantasmal Flames,2025-11-14,Phantasmal Flames Blisters,Blister,Cottonee,MEP018,Smooth Cosmos Holo,US/UK,
mega_placeholders.csv:43,Phantasmal Flames,2025-11-14,Phantasmal Flames Blisters,Blister,Whimsicott,MEP019,Smooth Cosmos Holo,US/UK,
mega_placeholders.csv:44,Phantasmal Flames,2025-11-14,Phantasmal Flames Blisters,Blister,Sneasel,MEP020,Smooth Cosmos Holo,US/UK,
mega_placeholders.csv:45,Phantasmal Flames,2025-11-14,Phantasmal Flames Blisters,Blister,Weavile,MEP021,Smooth Cosmos Holo,US/UK,
mega_placeholders.csv:46,Phantasmal Flames,2025-11-14,Phantasmal Flames Blisters,Blister,Applin,DRI016,Standard,US/UK,Destined Rivals reprint
mega_placeholders.csv:47,Phantasmal Flames,2025-11-14,Phantasmal Flames Blisters,Blister,Dipplin,DRI017,Standard,US/UK,Destined Rivals reprint
mega_placeholders.csv:48,Phantasmal Flames,2025-11-14,Phantasmal Flames Blisters,Blister,Hydrapple,DRI018,Pixel Cosmos Holo,US/UK,Destined Rivals reprint
mega_placeholders.csv:49,Phantasmal Flames,2025-11-14,Phantasmal Flames Blisters,Blister,Torchic,DRI040,Standard,US/UK,Destined Rivals reprint
mega_placeholders.csv:50,Phantasmal Flames,2025-11-14,Phantasmal Flames Blisters,Blister,Combusken,DRI041,Standard,US/UK,Destined Rivals reprint
mega_placeholders.csv:51,Phantasmal Flames,2025-11-14,Phantasmal Flames Blisters,Blister,Blaziken,DRI042,Pixel Cosmos Holo,US/UK,Destined Rivals reprint
mega_placeholders.csv:52,Phantasmal Flames,2025-11-14,Phantasmal Flames Elite Trainer Box,Elite Trainer Box,Charcadet,MEP022,Black Star Promo,US/UK,
mega_placeholders.csv:53,Phantasmal Flames,2025-11-14,Phantasmal Flames Elite Trainer Box,Elite Trainer Box,Charcadet,MEP022,Pokemon Center Stamp,US/UK,
mega_placeholders.csv:54,Phantasmal Flames,2025-11-14,Mega Charizard X ex Ultra-Premium Collection,Ultra-Premium Collection,Mega Charizard X ex,MEP023,Black Star Promo,US/UK,
mega_placeholders.csv:55,Phantasmal Flames,2025-11-14,Mega Charizard X ex Ultra-Premium Collection,Ultra-Premium Collection,Oricorio ex,MEP024,Black Star Promo,US/UK,
mega_placeholders.csv:56,Phantasmal Flames,2025-11-14,Mega Evolution Knock Out Collection,Knock Out Collection,Kyogre,MEG034,Standard,US/UK,
mega_placeholders.csv:57,Phantasmal Flames,2025-11-14,Mega Evolution Knock Out Collection,Knock Out Collection,Suicune,PFL026,Standard,US/UK,
mega_placeholders.csv:58,Mega Evolution,2025-11-21,2026 Pokemon Latin America International Championships merchandise,Event Merchandise,Ultra Ball,MEG131,Pokemon Latin America International Championships Stamp,Brazilian Portuguese,Competitor promo
mega_placeholders.csv:59,Mega Evolution,2025-12-05,Mega Evolution Collector Chest,Collector Chest,Ralts,MEG058,Cosmos Holo,US/UK,
mega_placeholders.csv:60,Mega Evolution,2025-12-05,Mega Evolution Collector Chest,Collector Chest,Kirlia,MEG059,Cosmos Holo,US/UK,
mega_placeholders.csv:61,Mega Evolution,2025-12-05,Mega Evolution Collector Chest,Collector Chest,Riolu,MEG076,Cosmos Holo,US/UK,
mega_placeholders.csv:62,Mega Evolution,2025-12-05,Mega Kangaskhan ex Box,Collection Box,Mega Kangaskhan ex,MEP025,Black Star Promo,US/UK,Europe release 2025-11-14
mega_placeholders.csv:63,Mega Evolution,2025-12-05,Mega Venusaur ex Premium Collection,Premium Collection,Mega Venusaur ex,MEP013,Black Star Promo,US/UK,Europe release 2025-11-14
mega_placeholders.csv:64,Mega Evolution,2026-01-01,Raikou Two Pack Blister,Two Pack Blister,Raikou,MEG048,Pixel Cosmos Holo,US/UK,
mega_placeholders.csv:65,Mega Evolution,2026-01-30,Pokemon Day 2026 Collection,Collection Box,Pikachu,TEF051,2026 Pokemon Day Stamp,US/UK,Temporal Forces reprint
mega_placeholders.csv:66,Ascended Heroes,2026-01-30,Ascended Heroes Tech Sticker Collections,Tech Sticker Collection,Charmander,ASC020,Pixel Cosmos Holo,US/UK,
mega_placeholders.csv:67,Ascended Heroes,2026-01-30,Ascended Heroes Tech Sticker Collections,Tech Sticker Collection,Gastly,ASC123,Pixel Cosmos Holo,US/UK,
mega_placeholders.csv:68,Mega Evolution,2026-02-13,2026 Pokemon Europe International Championships merchandise,Event Merchandise,Ultra Ball,MEG131,Pokemon Europe International Championships Stamp,Europe,Competitor promo
mega_placeholders.csv:69,Ascended Heroes,2026-02-20,Ascended Heroes Collection,Collection Box,Erika's Tangela,ASC007,Standard,US/UK,Europe release 2026-01-30
mega_placeholders.csv:70,Ascended Heroes,2026-02-20,Ascended Heroes Collection,Collection Box,Larry's Komala,ASC175,Standard,US/UK,Europe release 2026-01-30
mega_placeholders.csv:71,Ascended Heroes,2026-02-20,Ascended Heroes Elite Trainer Box,Elite Trainer Box,N's Zekrom,MEP031,Black Star Promo,US/UK,
mega_placeholders.csv:72,Ascended Heroes,2026-02-20,Ascended Heroes Elite Trainer Box,Elite Trainer Box,N's Zekrom,MEP031,Pokemon Center Stamp,US/UK,
mega_placeholders.csv:73,Ascended Heroes,2026-02-20,Mega Charizard Tins,Tin,Mega Charizard X ex,MEP029,Black Star Promo,US/UK,
mega_placeholders.csv:74,Ascended Heroes,2026-02-20,Mega Charizard Tins,Tin,Mega Charizard Y ex,MEP030,Black Star Promo,US/UK,
mega_placeholders.csv:75,Ascended Heroes,2026-03-20,Ascended Heroes Premium Poster Collection,Premium Poster Collection,Mega Gardevoir ex,MEP032,Black Star Promo,US/UK,
mega_placeholders.csv:76,Ascended Heroes,2026-03-20,Ascended Heroes Premium Poster Collection,Premium Poster Collection,Mega Lucario ex,MEP033,Black Star Promo,US/UK,
mega_placeholders.csv:77,Ascended Heroes,2026-03-20,Ascended Heroes First Partners Deluxe Pin Collection,Pin Collection,Chikorita,ASC008,Pixel Cosmos Holo,US/UK,
mega_placeholders.csv:78,Ascended Heroes,2026-03-20,Ascended Heroes First Partners Deluxe Pin Collection,Pin Collection,Tepig,ASC029,Pixel Cosmos Holo,US/UK,
mega_placeholders.csv:79,Ascended Heroes,2026-03-20,Ascended Heroes First Partners Deluxe Pin Collection,Pin Collection,Totodile,ASC041,Pixel Cosmos Holo,US/UK,
mega_placeholders.csv:80,Mega Evolution,2026-03-20,First Partner Illustration Collection Series 1,Illustration Collection,Bulbasaur,MEP037,Black Star Promo,US/UK,
mega_placeholders.csv:81,Mega Evolution,2026-03-20,First Partner Illustration Collection Series 1,Illustration Collection,Charmander,MEP038,Black Star Promo,US/UK,
mega_placeholders.csv:82,Mega Evolution,2026-03-20,First Partner Illustration Collection Series 1,Illustration Collection,Squirtle,MEP039,Black Star Promo,US/UK,
mega_placeholders.csv:83,Mega Evolution,2026-03-20,First Partner Illustration Collection Series 1,Illustration Collection,Turtwig,MEP040,Black Star Promo,US/UK,
mega_placeholders.csv:84,Mega Evolution,2026-03-20,First Partner Illustration Collection Series 1,Illustration Collection,Chimchar,MEP041,Black Star Promo,US/UK,
mega_placeholders.csv:85,Mega Evolution,2026-03-20,First Partner Illustration Collection Series 1,Illustration Collection,Piplup,MEP042,Black Star Promo,US/UK,
mega_placeholders.csv:86,Mega Evolution,2026-03-20,First Partner Illustration Collection Series 1,Illustration Collection,Rowlet,MEP043,Black Star Promo,US/UK,
mega_placeholders.csv:87,Mega Evolution,2026-03-20,First Partner Illustration Collection Series 1,Illustration Collection,Litten,MEP044,Black Star Promo,US/UK,
mega_placeholders.csv:88,Mega Evolution,2026-03-20,First Partner Illustration Collection Series 1,Illustration Collection,Popplio,MEP045,Black Star Promo,US/UK,
mega_placeholders.csv:89,Perfect Order,2026-03-14,Perfect Order Build & Battle Box,Build & Battle Box,Serperior,MEP064,Black Star Promo,US/UK,Prerelease promo
mega_placeholders.csv:90,Perfect Order,2026-03-14,Perfect Order Build & Battle Box,Build & Battle Box,Barbaracle,MEP065,Black Star Promo,US/UK,Prerelease promo
mega_placeholders.csv:91,Perfect Order,2026-03-14,Perfect Order Build & Battle Box,Build & Battle Box,Tyrantrum,MEP066,Black Star Promo,US/UK,Prerelease promo
mega_placeholders.csv:92,Perfect Order,2026-03-14,Perfect Order Build & Battle Box,Build & Battle Box,Doublade,MEP067,Black Star Promo,US/UK,Prerelease promo
mega_placeholders.csv:93,Perfect Order,2026-03-27,Perfect Order Blisters,Blister,Makuhita,MEP068,Smooth Cosmos Holo,US/UK,
mega_placeholders.csv:94,Perfect Order,2026-03-27,Perfect Order Blisters,Blister,Chikorita,MEP069,Smooth Cosmos Holo,US/UK,
mega_placeholders.csv:95,Perfect Order,2026-03-27,Perfect Order Blisters,Blister,Chikorita,MEG008,Standard,US/UK,Mega Evolution reprint
mega_placeholders.csv:96,Perfect Order,2026-03-27,Perfect Order Blisters,Blister,Bayleef,MEG009,Standard,US/UK,Mega Evolution reprint
mega_placeholders.csv:97,Perfect Order,2026-03-27,Perfect Order Blisters,Blister,Meganium,MEG010,Pixel Cosmos Holo,US/UK,Mega Evolution reprint
mega_placeholders.csv:98,Perfect Order,2026-03-27,Perfect Order Blisters,Blister,Scorbunny,MEG026,Standard,US/UK,Mega Evolution reprint
mega_placeholders.csv:99,Perfect Order,2026-03-27,Perfect Order Blisters,Blister,Raboot,MEG027,Standard,US/UK,Mega Evolution reprint
mega_placeholders.csv:100,Perfect Order,2026-03-27,Perfect Order Blisters,Blister,Cinderace,MEG028,Pixel Cosmos Holo,US/UK,Mega Evolution reprint
mega_placeholders.csv:101,Perfect Order,2026-03-27,Perfect Order Blisters,Blister,Clauncher,MEG037,Standard,US/UK,Mega Evolution reprint
mega_placeholders.csv:102,Perfect Order,2026-03-27,Perfect Order Blisters,Blister,Clawitzer,MEG038,Pixel Cosmos Holo,US/UK,Mega Evolution reprint
mega_placeholders.csv:103,Perfect Order,2026-03-27,Perfect Order Blisters,Blister,Onix,MEG070,Standard,US/UK,Mega Evolution reprint
mega_placeholders.csv:104,Perfect Order,2026-03-27,Perfect Order Blisters,Blister,Steelix,MEG093,Pixel Cosmos Holo,US/UK,Mega Evolution reprint
mega_placeholders.csv:105,Perfect Order,2026-03-27,Perfect Order Elite Trainer Box,Elite Trainer Box,Tyrunt,MEP070,Black Star Promo,US/UK,
mega_placeholders.csv:106,Perfect Order,2026-03-27,Perfect Order Elite Trainer Box,Elite Trainer Box,Tyrunt,MEP070,Pokemon Center Stamp,US/UK,
mega_placeholders.csv:107,Phantasmal Flames,2026-03-27,Enhanced 2-Pack Blister: Oddish Gloom & Vileplume,Enhanced 2-Pack Blister,Oddish,PFL001,Pixel Cosmos Holo,US/UK,
mega_placeholders.csv:108,Phantasmal Flames,2026-03-27,Enhanced 2-Pack Blister: Oddish Gloom & Vileplume,Enhanced 2-Pack Blister,Gloom,PFL002,Pixel Cosmos Holo,US/UK,
mega_placeholders.csv:109,Phantasmal Flames,2026-03-27,Enhanced 2-Pack Blister: Oddish Gloom & Vileplume,Enhanced 2-Pack Blister,Vileplume,PFL003,Pixel Cosmos Holo,US/UK,
mega_placeholders.csv:110,Ascended Heroes,2026-04-24,Mega Meganium ex Box,Collection Box,Mega Meganium ex,MEP034,Black Star Promo,US/UK,
mega_placeholders.csv:111,Ascended Heroes,2026-04-24,Mega Emboar ex Box,Collection Box,Mega Emboar ex,MEP035,Black Star Promo,US/UK,
mega_placeholders.csv:112,Ascended Heroes,2026-04-24,Mega Feraligatr ex Box,Collection Box,Mega Feraligatr ex,MEP036,Black Star Promo,US/UK,
mega_placeholders.csv:113,Perfect Order,2026-05-22,Mega Zygarde ex Premium Collection,Premium Collection,Mega Zygarde ex,MEP071,Black Star Promo,US/UK,Europe release 2026-05-01
mega_placeholders.csv:114,Chaos Rising,2026-05-09,Chaos Rising Build & Battle Box,Build & Battle Box,Delphox,MEP074,Black Star Promo,US/UK,Prerelease promo
mega_placeholders.csv:115,Chaos Rising,2026-05-09,Chaos Rising Build & Battle Box,Build & Battle Box,Ampharos,MEP075,Black Star Promo,US/UK,Prerelease promo
mega_placeholders.csv:116,Chaos Rising,2026-05-09,Chaos Rising Build & Battle Box,Build & Battle Box,Crobat,MEP076,Black Star Promo,US/UK,Prerelease promo
mega_placeholders.csv:117,Chaos Rising,2026-05-09,Chaos Rising Build & Battle Box,Build & Battle Box,Goodra,MEP077,Black Star Promo,US/UK,Prerelease promo
mega_placeholders.csv:118,Chaos Rising,2026-05-22,Chaos Rising Blisters,Blister,Toxel,MEP078,Smooth Cosmos Holo,US/UK,
mega_placeholders.csv:119,Chaos Rising,2026-05-22,Chaos Rising Blisters,Blister,Charmeleon,MEP079,Smooth Cosmos Holo,US/UK,
mega_placeholders.csv:120,Chaos Rising,2026-05-22,Chaos Rising Blisters,Blister,Moltres,PFL014,Non Holo,US/UK,Phantasmal Flames reprint
mega_placeholders.csv:121,Chaos Rising,2026-05-22,Chaos Rising Blisters,Blister,Reshiram,PFL017,Cosmos Holo,US/UK,Phantasmal Flames reprint
mega_placeholders.csv:122,Chaos Rising,2026-05-22,Chaos Rising Blisters,Blister,Pawmi,PFL032,Standard,US/UK,Phantasmal Flames reprint
mega_placeholders.csv:123,Chaos Rising,2026-05-22,Chaos Rising Blisters,Blister,Pawmo,PFL033,Standard,US/UK,Phantasmal Flames reprint
mega_placeholders.csv:124,Chaos Rising,2026-05-22,Chaos Rising Blisters,Blister,Pawmot,PFL034,Cosmos Holo,US/UK,Phantasmal Flames reprint
mega_placeholders.csv:125,Chaos Rising,2026-05-22,Chaos Rising Blisters,Blister,Mimikyu,PFL042,Standard,US/UK,Phantasmal Flames reprint
mega_placeholders.csv:126,Chaos Rising,2026-05-22,Chaos Rising Blisters,Blister,Zacian,PFL045,Cosmos Holo,US/UK,Phantasmal Flames reprint
mega_placeholders.csv:127,Chaos Rising,2026-05-22,Chaos Rising Blisters,Blister,Trapinch,PFL051,Standard,US/UK,Phantasmal Flames reprint
mega_placeholders.csv:128,Chaos Rising,2026-05-22,Chaos Rising Blisters,Blister,Vibrava,PFL052,Standard,US/UK,Phantasmal Flames reprint
mega_placeholders.csv:129,Chaos Rising,2026-05-22,Chaos Rising Blisters,Blister,Flygon,PFL053,Cosmos Holo,US/UK,Phantasmal Flames reprint
mega_placeholders.csv:130,Chaos Rising,2026-05-22,Chaos Rising Elite Trainer Box,Elite Trainer Box,Fennekin,MEP080,Black Star Promo,US/UK,
mega_placeholders.csv:131,Chaos Rising,2026-05-22,Chaos Rising Elite Trainer Box,Elite Trainer Box,Fennekin,MEP080,Pokemon Center Stamp,US/UK,
mega_placeholders.csv:132,Black Bolt & White Flare,2026-05-22,Pokemon Fossil Museum merchandise,Event Merchandise,Archeops,WHT051,Excavator Pikachu Stamp,US/UK,White Flare reprint
mega_placeholders.csv:133,Chaos Rising,2026-06-05,Mega Moonlit Tins,Tin,Mega Clefable ex,MEP072,Black Star Promo,US/UK,
mega_placeholders.csv:134,Chaos Rising,2026-06-05,Mega Moonlit Tins,Tin,Mega Gengar ex,MEP073,Black Star Promo,US/UK,
mega_placeholders.csv:135,Mega Evolution,2026-06-12,2026 Pokemon North America International Championships merchandise,Event Merchandise,Ultra Ball,MEG131,Pokemon North America International Championships Stamp,US,Competitor promo
mega_placeholders.csv:136,Mega Evolution,2026-06-19,First Partner Illustration Collection Series 2,Illustration Collection,Chikorita,MEP046,Black Star Promo,US/UK,
mega_placeholders.csv:137,Mega Evolution,2026-06-19,First Partner Illustration Collection Series 2,Illustration Collection,Cyndaquil,MEP047,Black Star Promo,US/UK,
mega_placeholders.csv:138,Mega Evolution,2026-06-19,First Partner Illustration Collection Series 2,Illustration Collection,Totodile,MEP048,Black Star Promo,US/UK,
mega_placeholders.csv:139,Mega Evolution,2026-06-19,First Partner Illustration Collection Series 2,Illustration Collection,Snivy,MEP049,Black Star Promo,US/UK,
mega_placeholders.csv:140,Mega Evolution,2026-06-19,First Partner Illustration Collection Series 2,Illustration Collection,Tepig,MEP050,Black Star Promo,US/UK,
mega_placeholders.csv:141,Mega Evolution,2026-06-19,First Partner Illustration Collection Series 2,Illustration Collection,Oshawott,MEP051,Black Star Promo,US/UK,
mega_placeholders.csv:142,Mega Evolution,2026-06-19,First Partner Illustration Collection Series 2,Illustration Collection,Grookey,MEP052,Black Star Promo,US/UK,
mega_placeholders.csv:143,Mega Evolution,2026-06-19,First Partner Illustration Collection Series 2,Illustration Collection,Scorbunny,MEP053,Black Star Promo,US/UK,
mega_placeholders.csv:144,Mega Evolution,2026-06-19,First Partner Illustration Collection Series 2,Illustration Collection,Sobble,MEP054,Black Star Promo,US/UK,
mega_placeholders.csv:145,Chaos Rising,2026-07-03,Mega Greninja ex Premium Collection,Premium Collection,Mega Greninja ex,MEP081,Black Star Promo,US/UK,
mega_placeholders.csv:146,Pitch Black,2026-07-17,Pitch Black Blisters,Blister,Slowpoke,MEP086,Smooth Cosmos Holo,US/UK,
mega_placeholders.csv:147,Pitch Black,2026-07-17,Pitch Black Blisters,Blister,Binacle,MEP087,Smooth Cosmos Holo,US/UK,
mega_placeholders.csv:148,Pitch Black,2026-07-17,Pitch Black Blisters,Blister,Amaura,POR023,Standard,US/UK,Perfect Order reprint
mega_placeholders.csv:149,Pitch Black,2026-07-17,Pitch Black Blisters,Blister,Aurorus,POR024,Standard,US/UK,Perfect Order reprint
mega_placeholders.csv:150,Pitch Black,2026-07-17,Pitch Black Blisters,Blister,Shinx,POR025,Standard,US/UK,Perfect Order reprint
mega_placeholders.csv:151,Pitch Black,2026-07-17,Pitch Black Blisters,Blister,Luxio,POR026,Standard,US/UK,Perfect Order reprint
mega_placeholders.csv:152,Pitch Black,2026-07-17,Pitch Black Blisters,Blister,Luxray,POR027,Pixel Cosmos Holo,US/UK,Perfect Order reprint
mega_placeholders.csv:153,Pitch Black,2026-07-17,Pitch Black Blisters,Blister,Tyrunt,POR044,Standard,US/UK,Perfect Order reprint
mega_placeholders.csv:154,Pitch Black,2026-07-17,Pitch Black Blisters,Blister,Tyrantrum,POR045,Standard,US/UK,Perfect Order reprint
mega_placeholders.csv:155,Pitch Black,2026-07-17,Pitch Black Blisters,Blister,Gastly,POR048,Standard,US/UK,Perfect Order reprint
mega_placeholders.csv:156,Pitch Black,2026-07-17,Pitch Black Blisters,Blister,Haunter,POR049,Standard,US/UK,Perfect Order reprint
mega_placeholders.csv:157,Pitch Black,2026-07-17,Pitch Black Blisters,Blister,Gengar,POR050,Pixel Cosmos Holo,US/UK,Perfect Order reprint
mega_placeholders.csv:158,Pitch Black,2026-07-17,Pitch Black Elite Trainer Box,Elite Trainer Box,Zarude,MEP088,Black Star Promo,US/UK,
mega_placeholders.csv:159,Pitch Black,2026-07-17,Pitch Black Elite Trainer Box,Elite Trainer Box,Zarude,MEP088,Pokemon Center Stamp,US/UK,
mega_placeholders.csv:160,Mega Evolution,2026-08-07,First Partner Illustration Collection Series 3,Illustration Collection,Treecko,MEP055,Black Star Promo,US/UK,
mega_placeholders.csv:161,Mega Evolution,2026-08-07,First Partner Illustration Collection Series 3,Illustration Collection,Torchic,MEP056,Black Star Promo,US/UK,
mega_placeholders.csv:162,Mega Evolution,2026-08-07,First Partner Illustration Collection Series 3,Illustration Collection,Mudkip,MEP057,Black Star Promo,US/UK,
mega_placeholders.csv:163,Mega Evolution,2026-08-07,First Partner Illustration Collection Series 3,Illustration Collection,Chespin,MEP058,Black Star Promo,US/UK,
mega_placeholders.csv:164,Mega Evolution,2026-08-07,First Partner Illustration Collection Series 3,Illustration Collection,Fennekin,MEP059,Black Star Promo,US/UK,
mega_placeholders.csv:165,Mega Evolution,2026-08-07,First Partner Illustration Collection Series 3,Illustration Collection,Froakie,MEP060,Black Star Promo,US/UK,
mega_placeholders.csv:166,Mega Evolution,2026-08-07,First Partner Illustration Collection Series 3,Illustration Collection,Sprigatito,MEP061,Black Star Promo,US/UK,
mega_placeholders.csv:167,Mega Evolution,2026-08-07,First Partner Illustration Collection Series 3,Illustration Collection,Fuecoco,MEP062,Black Star Promo,US/UK,
mega_placeholders.csv:168,Mega Evolution,2026-08-07,First Partner Illustration Collection Series 3,Illustration Collection,Quaxly,MEP063,Black Star Promo,US/UK,
mega_placeholders.csv:169,Pitch Black,2026-08-28,Mega Forces Tins,Tin,Mega Zeraora ex,,Black Star Promo,US/UK,MEP promo number not specified in source
mega_placeholders.csv:170,Pitch Black,2026-08-28,Mega Forces Tins,Tin,Mega Darkrai ex,,Black Star Promo,US/UK,MEP promo number not specified in source
mega_placeholders.csv:171,Pitch Black,2026-08-28,Mega Forces Tins,Tin,Mega Dragonite ex,,Black Star Promo,US/UK,MEP promo number not specified in source
mega_placeholders.csv:172,Ascended Heroes,2026-08-28,Ascended Heroes Tins,Tin,Mega Meganium ex,MEP034,Black Star Promo,US/UK,Previously released in Mega Meganium ex Box
mega_placeholders.csv:173,Ascended Heroes,2026-08-28,Ascended Heroes Tins,Tin,Mega Emboar ex,MEP035,Black Star Promo,US/UK,Previously released in Mega Emboar ex Box
mega_placeholders.csv:174,Ascended Heroes,2026-08-28,Ascended Heroes Tins,Tin,Mega Feraligatr ex,MEP036,Black Star Promo,US/UK,Previously released in Mega Feraligatr ex Box
mega_placeholders.csv:175,Ascended Heroes,2026-08-28,2026 Pokemon World Championships merchandise,Event Merchandise,Rayquaza,ASC173,PXP Stamp,US,Attendee promo
mega_placeholders.csv:176,Mega Evolution,2026-08-28,2026 Pokemon World Championships merchandise,Event Merchandise,Paradise Resort,MEP092,World Championships 2026 Stamp,US,Competitor promo
mega_placeholders.csv:177,Mega Evolution,2026-08-28,2026 Pokemon World Championships merchandise,Event Merchandise,Pikachu,MEP093,2026 Pokemon World Championships Logo Stamp,US,Participation promo
mega_placeholders.csv:178,Mega Evolution,2026-08-28,2026 Pokemon World Championships merchandise,Event Merchandise,Pikachu,MEP093,Play Pokemon Winner Stamp,US,Winner promo
mega_placeholders.csv:179,Pitch Black,,Zarude Two Pack Blister,Two Pack Blister,Zarude,PBL056,Pixel Cosmos Holo,US/UK,Released August 2026
mega_placeholders.csv:180,Mega Evolution,2025-09-26,Retailer Gift With Purchase,Retailer Promo,Xerneas,MEG064,Mega Evolution Stamp,US/Australia/New Zealand,Best Buy or JB Hi-Fi; spend 15 dollars on Pokemon TCG products
mega_placeholders.csv:181,Mega Evolution,2025-09-26,Retailer Gift With Purchase,Retailer Promo,Yveltal,,GameStop Stamp,US,Card number to verify; spend 15 dollars on Pokemon TCG products
mega_placeholders.csv:182,Mega Evolution,2025-09-26,Retailer Gift With Purchase,Retailer Promo,Yveltal,,EB Games Stamp,Canada/Australia/New Zealand,Card number to verify; spend 15 dollars on Pokemon TCG products
mega_placeholders.csv:183,Phantasmal Flames,2025-11-14,Retailer Gift With Purchase,Retailer Promo,Suicune,PFL026,GameStop Stamp,US,Spend 15 dollars on Pokemon TCG products
mega_placeholders.csv:184,Phantasmal Flames,2025-11-14,Retailer Gift With Purchase,Retailer Promo,Suicune,PFL026,EB Games Stamp,Canada/Australia/New Zealand,Spend 15 dollars on Pokemon TCG products
mega_placeholders.csv:185,Phantasmal Flames,2025-11-14,Retailer Gift With Purchase,Retailer Promo,Reshiram,PFL017,Phantasmal Flames Stamp,US,Hot Topic or Barnes & Noble; spend 15 dollars on Pokemon TCG products
mega_placeholders.csv:186,Phantasmal Flames,2025-11-14,Retailer Gift With Purchase,Retailer Promo,Genesect,,Phantasmal Flames Stamp,US/Australia/New Zealand,Card number to verify; Best Buy or Mr Toys or Toymate or JB Hi-Fi
mega_placeholders.csv:187,Perfect Order,2026-03-27,Retailer Gift With Purchase,Retailer Promo,Gengar,POR050,GameStop Stamp,US,Spend 15 dollars on Pokemon TCG products
mega_placeholders.csv:188,Perfect Order,2026-03-27,Retailer Gift With Purchase,Retailer Promo,Gengar,POR050,EB Games Stamp,Canada/Australia,Spend 15 dollars on Pokemon TCG products
mega_placeholders.csv:189,Perfect Order,2026-03-27,Retailer Gift With Purchase,Retailer Promo,Luxray,POR027,Perfect Order Stamp,US/Australia/New Zealand,Best Buy or JB Hi-Fi or Mr Toys or Toymate
mega_placeholders.csv:190,Perfect Order,2026-03-27,Retailer Gift With Purchase,Retailer Promo,Aurorus,POR024,Perfect Order Stamp,US,Hot Topic or Barnes & Noble
mega_placeholders.csv:191,Chaos Rising,2026-05-22,Retailer Gift With Purchase,Retailer Promo,Ho-Oh,,GameStop Stamp,US,Card number to verify; spend 15 dollars on Pokemon TCG products
mega_placeholders.csv:192,Chaos Rising,2026-05-22,Retailer Gift With Purchase,Retailer Promo,Ho-Oh,,EB Games Stamp,Canada/Australia,Card number to verify; spend 15 dollars on Pokemon TCG products
mega_placeholders.csv:193,Chaos Rising,2026-05-22,Retailer Gift With Purchase,Retailer Promo,Keldeo,,Chaos Rising Stamp,US,Card number to verify; Hot Topic or Barnes & Noble or BoxLunch
mega_placeholders.csv:194,Chaos Rising,2026-05-22,Retailer Gift With Purchase,Retailer Promo,Delphox,,Chaos Rising Stamp,US/Australia/New Zealand,Card number to verify; Best Buy or Mr Toys or Toymate or JB Hi-Fi
prize_pack_series8.csv:2,Play Pokemon Prize Pack Series Eight,,Play Pokemon Prize Pack Series Eight,Prize Pack,Archaludon,SCR107,Play Pokemon Stamp,US/UK,Official card list; one checkbox mark extracted
prize_pack_series8.csv:3,Play Pokemon Prize Pack Series Eight,,Play Pokemon Prize Pack Series Eight,Prize Pack,Arven's Mabosstiff ex,DRI139,Play Pokemon Stamp,US/UK,Official card list; one checkbox mark extracted
prize_pack_series8.csv:4,Play Pokemon Prize Pack Series Eight,,Play Pokemon Prize Pack Series Eight,Prize Pack,Budew,PRE004,Play Pokemon Stamp,US/UK,Official card list; one checkbox mark extracted
prize_pack_series8.csv:5,Play Pokemon Prize Pack Series Eight,,Play Pokemon Prize Pack Series Eight,Prize Pack,Cinderace,MEG028,Play Pokemon Stamp,US/UK,Official card list; two checkbox marks extracted
prize_pack_series8.csv:6,Play Pokemon Prize Pack Series Eight,,Play Pokemon Prize Pack Series Eight,Prize Pack,Conkeldurr,BLK049,Play Pokemon Stamp,US/UK,Official card list; one checkbox mark extracted
prize_pack_series8.csv:7,Play Pokemon Prize Pack Series Eight,,Play Pokemon Prize Pack Series Eight,Prize Pack,Cynthia's Gabite,DRI103,Play Pokemon Stamp,US/UK,Official card list; one checkbox mark extracted
prize_pack_series8.csv:8,Play Pokemon Prize Pack Series Eight,,Play Pokemon Prize Pack Series Eight,Prize Pack,Cynthia's Garchomp ex,DRI104,Play Pokemon Stamp,US/UK,Official card list; one checkbox mark extracted
prize_pack_series8.csv:9,Play Pokemon Prize Pack Series Eight,,Play Pokemon Prize Pack Series Eight,Prize Pack,Cynthia's Roserade,DRI008,Play Pokemon Stamp,US/UK,Official card list; two checkbox marks extracted
prize_pack_series8.csv:10,Play Pokemon Prize Pack Series Eight,,Play Pokemon Prize Pack Series Eight,Prize Pack,Eelektrik,BLK031,Play Pokemon Stamp,US/UK,Official card list; one checkbox mark extracted
prize_pack_series8.csv:11,Play Pokemon Prize Pack Series Eight,,Play Pokemon Prize Pack Series Eight,Prize Pack,Emboar,WHT013,Play Pokemon Stamp,US/UK,Official card list; two checkbox marks extracted
prize_pack_series8.csv:12,Play Pokemon Prize Pack Series Eight,,Play Pokemon Prize Pack Series Eight,Prize Pack,Ethan's Ho-Oh ex,DRI039,Play Pokemon Stamp,US/UK,Official card list; one checkbox mark extracted
prize_pack_series8.csv:13,Play Pokemon Prize Pack Series Eight,,Play Pokemon Prize Pack Series Eight,Prize Pack,Ethan's Magcargo,DRI036,Play Pokemon Stamp,US/UK,Official card list; one checkbox mark extracted
prize_pack_series8.csv:14,Play Pokemon Prize Pack Series Eight,,Play Pokemon Prize Pack Series Eight,Prize Pack,Ethan's Quilava,DRI033,Play Pokemon Stamp,US/UK,Official card list; one checkbox mark extracted
prize_pack_series8.csv:15,Play Pokemon Prize Pack Series Eight,,Play Pokemon Prize Pack Series Eight,Prize Pack,Ethan's Typhlosion,DRI034,Play Pokemon Stamp,US/UK,Official card list; one checkbox mark extracted
prize_pack_series8.csv:16,Play Pokemon Prize Pack Series Eight,,Play Pokemon Prize Pack Series Eight,Prize Pack,Genesect ex,BLK067,Play Pokemon Stamp,US/UK,Official card list; one checkbox mark extracted
prize_pack_series8.csv:17,Play Pokemon Prize Pack Series Eight,,Play Pokemon Prize Pack Series Eight,Prize Pack,Hariyama,MEG073,Play Pokemon Stamp,US/UK,Official card list; one checkbox mark extracted
prize_pack_series8.csv:18,Play Pokemon Prize Pack Series Eight,,Play Pokemon Prize Pack Series Eight,Prize Pack,Hop's Dubwool,JTG136,Play Pokemon Stamp,US/UK,Official card list; two checkbox marks extracted
prize_pack_series8.csv:19,Play Pokemon Prize Pack Series Eight,,Play Pokemon Prize Pack Series Eight,Prize Pack,Hop's Snorlax,JTG117,Play Pokemon Stamp,US/UK,Official card list; two checkbox marks extracted
prize_pack_series8.csv:20,Play Pokemon Prize Pack Series Eight,,Play Pokemon Prize Pack Series Eight,Prize Pack,Hop's Zacian ex,JTG111,Play Pokemon Stamp,US/UK,Official card list; one checkbox mark extracted
prize_pack_series8.csv:21,Play Pokemon Prize Pack Series Eight,,Play Pokemon Prize Pack Series Eight,Prize Pack,Iono's Bellibolt ex,JTG053,Play Pokemon Stamp,US/UK,Official card list; one checkbox mark extracted
prize_pack_series8.csv:22,Play Pokemon Prize Pack Series Eight,,Play Pokemon Prize Pack Series Eight,Prize Pack,Iono's Kilowattrel,JTG055,Play Pokemon Stamp,US/UK,Official card list; one checkbox mark extracted
prize_pack_series8.csv:23,Play Pokemon Prize Pack Series Eight,,Play Pokemon Prize Pack Series Eight,Prize Pack,Iono's Voltorb,JTG047,Play Pokemon Stamp,US/UK,Official card list; one checkbox mark extracted
prize_pack_series8.csv:24,Play Pokemon Prize Pack Series Eight,,Play Pokemon Prize Pack Series Eight,Prize Pack,Kyurem ex,BLK028,Play Pokemon Stamp,US/UK,Official card list; one checkbox mark extracted
prize_pack_series8.csv:25,Play Pokemon Prize Pack Series Eight,,Play Pokemon Prize Pack Series Eight,Prize Pack,Latios,MEG101,Play Pokemon Stamp,US/UK,Official card list; one checkbox mark extracted
prize_pack_series8.csv:26,Play Pokemon Prize Pack Series Eight,,Play Pokemon Prize Pack Series Eight,Prize Pack,Lillie's Clefairy ex,JTG056,Play Pokemon Stamp,US/UK,Official card list; one checkbox mark extracted
prize_pack_series8.csv:27,Play Pokemon Prize Pack Series Eight,,Play Pokemon Prize Pack Series Eight,Prize Pack,Lillie's Ribombee,JTG067,Play Pokemon Stamp,US/UK,Official card list; two checkbox marks extracted
prize_pack_series8.csv:28,Play Pokemon Prize Pack Series Eight,,Play Pokemon Prize Pack Series Eight,Prize Pack,Lunatone,MEG074,Play Pokemon Stamp,US/UK,Official card list; two checkbox marks extracted
prize_pack_series8.csv:29,Play Pokemon Prize Pack Series Eight,,Play Pokemon Prize Pack Series Eight,Prize Pack,Mega Abomasnow ex,MEG036,Play Pokemon Stamp,US/UK,Official card list; one checkbox mark extracted
prize_pack_series8.csv:30,Play Pokemon Prize Pack Series Eight,,Play Pokemon Prize Pack Series Eight,Prize Pack,Mega Absol ex,MEG086,Play Pokemon Stamp,US/UK,Official card list; one checkbox mark extracted
prize_pack_series8.csv:31,Play Pokemon Prize Pack Series Eight,,Play Pokemon Prize Pack Series Eight,Prize Pack,Mega Camerupt ex,MEG022,Play Pokemon Stamp,US/UK,Official card list; one checkbox mark extracted
prize_pack_series8.csv:32,Play Pokemon Prize Pack Series Eight,,Play Pokemon Prize Pack Series Eight,Prize Pack,Mega Gardevoir ex,MEG060,Play Pokemon Stamp,US/UK,Official card list; one checkbox mark extracted
prize_pack_series8.csv:33,Play Pokemon Prize Pack Series Eight,,Play Pokemon Prize Pack Series Eight,Prize Pack,Mega Kangaskhan ex,MEG104,Play Pokemon Stamp,US/UK,Official card list; one checkbox mark extracted
prize_pack_series8.csv:34,Play Pokemon Prize Pack Series Eight,,Play Pokemon Prize Pack Series Eight,Prize Pack,Mega Latias ex,MEG100,Play Pokemon Stamp,US/UK,Official card list; one checkbox mark extracted
prize_pack_series8.csv:35,Play Pokemon Prize Pack Series Eight,,Play Pokemon Prize Pack Series Eight,Prize Pack,Mega Lucario ex,MEG077,Play Pokemon Stamp,US/UK,Official card list; one checkbox mark extracted
prize_pack_series8.csv:36,Play Pokemon Prize Pack Series Eight,,Play Pokemon Prize Pack Series Eight,Prize Pack,Mega Manectric ex,MEG050,Play Pokemon Stamp,US/UK,Official card list; one checkbox mark extracted
prize_pack_series8.csv:37,Play Pokemon Prize Pack Series Eight,,Play Pokemon Prize Pack Series Eight,Prize Pack,Mega Mawile ex,MEG094,Play Pokemon Stamp,US/UK,Official card list; one checkbox mark extracted
prize_pack_series8.csv:38,Play Pokemon Prize Pack Series Eight,,Play Pokemon Prize Pack Series Eight,Prize Pack,Mega Venusaur ex,MEG003,Play Pokemon Stamp,US/UK,Official card list; one checkbox mark extracted
prize_pack_series8.csv:39,Play Pokemon Prize Pack Series Eight,,Play Pokemon Prize Pack Series Eight,Prize Pack,N's Darmanitan,JTG027,Play Pokemon Stamp,US/UK,Official card list; one checkbox mark extracted
prize_pack_series8.csv:40,Play Pokemon Prize Pack Series Eight,,Play Pokemon Prize Pack Series Eight,Prize Pack,N's Reshiram,JTG116,Play Pokemon Stamp,US/UK,Official card list; two checkbox marks extracted
prize_pack_series8.csv:41,Play Pokemon Prize Pack Series Eight,,Play Pokemon Prize Pack Series Eight,Prize Pack,N's Zoroark ex,JTG098,Play Pokemon Stamp,US/UK,Official card list; one checkbox mark extracted
prize_pack_series8.csv:42,Play Pokemon Prize Pack Series Eight,,Play Pokemon Prize Pack Series Eight,Prize Pack,Reshiram ex,WHT020,Play Pokemon Stamp,US/UK,Official card list; one checkbox mark extracted
prize_pack_series8.csv:43,Play Pokemon Prize Pack Series Eight,,Play Pokemon Prize Pack Series Eight,Prize Pack,Shaymin,DRI010,Play Pokemon Stamp,US/UK,Official card list; one checkbox mark extracted
prize_pack_series8.csv:44,Play Pokemon Prize Pack Series Eight,,Play Pokemon Prize Pack Series Eight,Prize Pack,Solrock,MEG075,Play Pokemon Stamp,US/UK,Official card list; two checkbox marks extracted
prize_pack_series8.csv:45,Play Pokemon Prize Pack Series Eight,,Play Pokemon Prize Pack Series Eight,Prize Pack,Team Rocket's Crobat ex,DRI122,Play Pokemon Stamp,US/UK,Official card list; one checkbox mark extracted
prize_pack_series8.csv:46,Play Pokemon Prize Pack Series Eight,,Play Pokemon Prize Pack Series Eight,Prize Pack,Team Rocket's Mewtwo ex,DRI081,Play Pokemon Stamp,US/UK,Official card list; one checkbox mark extracted
prize_pack_series8.csv:47,Play Pokemon Prize Pack Series Eight,,Play Pokemon Prize Pack Series Eight,Prize Pack,Team Rocket's Nidoking ex,DRI119,Play Pokemon Stamp,US/UK,Official card list; one checkbox mark extracted
prize_pack_series8.csv:48,Play Pokemon Prize Pack Series Eight,,Play Pokemon Prize Pack Series Eight,Prize Pack,Team Rocket's Spidops,DRI020,Play Pokemon Stamp,US/UK,Official card list; two checkbox marks extracted
prize_pack_series8.csv:49,Play Pokemon Prize Pack Series Eight,,Play Pokemon Prize Pack Series Eight,Prize Pack,Yanmega ex,DRI003,Play Pokemon Stamp,US/UK,Official card list; one checkbox mark extracted
prize_pack_series8.csv:50,Play Pokemon Prize Pack Series Eight,,Play Pokemon Prize Pack Series Eight,Prize Pack,Zekrom ex,BLK034,Play Pokemon Stamp,US/UK,Official card list; one checkbox mark extracted
prize_pack_series8.csv:51,Play Pokemon Prize Pack Series Eight,,Play Pokemon Prize Pack Series Eight,Prize Pack,Air Balloon,BLK079,Play Pokemon Stamp,US/UK,Official card list; one checkbox mark extracted
prize_pack_series8.csv:52,Play Pokemon Prize Pack Series Eight,,Play Pokemon Prize Pack Series Eight,Prize Pack,Boss's Orders,MEG114,Play Pokemon Stamp,US/UK,Official card list; one checkbox mark extracted
prize_pack_series8.csv:53,Play Pokemon Prize Pack Series Eight,,Play Pokemon Prize Pack Series Eight,Prize Pack,Brilliant Blender,SSP164,Play Pokemon Stamp,US/UK,Official card list; one checkbox mark extracted
prize_pack_series8.csv:54,Play Pokemon Prize Pack Series Eight,,Play Pokemon Prize Pack Series Eight,Prize Pack,Cynthia's Power Weight,DRI162,Play Pokemon Stamp,US/UK,Official card list; one checkbox mark extracted
prize_pack_series8.csv:55,Play Pokemon Prize Pack Series Eight,,Play Pokemon Prize Pack Series Eight,Prize Pack,Energy Search Pro,SSP176,Play Pokemon Stamp,US/UK,Official card list; one checkbox mark extracted
prize_pack_series8.csv:56,Play Pokemon Prize Pack Series Eight,,Play Pokemon Prize Pack Series Eight,Prize Pack,Ethan's Adventure,DRI165,Play Pokemon Stamp,US/UK,Official card list; two checkbox marks extracted
prize_pack_series8.csv:57,Play Pokemon Prize Pack Series Eight,,Play Pokemon Prize Pack Series Eight,Prize Pack,Fighting Gong,MEG116,Play Pokemon Stamp,US/UK,Official card list; two checkbox marks extracted
prize_pack_series8.csv:58,Play Pokemon Prize Pack Series Eight,,Play Pokemon Prize Pack Series Eight,Prize Pack,Forest of Vitality,MEG117,Play Pokemon Stamp,US/UK,Official card list; two checkbox marks extracted
prize_pack_series8.csv:59,Play Pokemon Prize Pack Series Eight,,Play Pokemon Prize Pack Series Eight,Prize Pack,Hop's Choice Band,JTG148,Play Pokemon Stamp,US/UK,Official card list; one checkbox mark extracted
prize_pack_series8.csv:60,Play Pokemon Prize Pack Series Eight,,Play Pokemon Prize Pack Series Eight,Prize Pack,Iron Defender,MEG118,Play Pokemon Stamp,US/UK,Official card list; two checkbox marks extracted
prize_pack_series8.csv:61,Play Pokemon Prize Pack Series Eight,,Play Pokemon Prize Pack Series Eight,Prize Pack,Levincia,JTG150,Play Pokemon Stamp,US/UK,Official card list; two checkbox marks extracted
prize_pack_series8.csv:62,Play Pokemon Prize Pack Series Eight,,Play Pokemon Prize Pack Series Eight,Prize Pack,Lillie's Determination,MEG119,Play Pokemon Stamp,US/UK,Official card list; two checkbox marks extracted
prize_pack_series8.csv:63,Play Pokemon Prize Pack Series Eight,,Play Pokemon Prize Pack Series Eight,Prize Pack,Lillie's Pearl,JTG151,Play Pokemon Stamp,US/UK,Official card list; one checkbox mark extracted
prize_pack_series8.csv:64,Play Pokemon Prize Pack Series Eight,,Play Pokemon Prize Pack Series Eight,Prize Pack,Max Rod,PRE116,Play Pokemon Stamp,US/UK,Official card list; one checkbox mark extracted
prize_pack_series8.csv:65,Play Pokemon Prize Pack Series Eight,,Play Pokemon Prize Pack Series Eight,Prize Pack,Mega Signal,MEG121,Play Pokemon Stamp,US/UK,Official card list; two checkbox marks extracted
prize_pack_series8.csv:66,Play Pokemon Prize Pack Series Eight,,Play Pokemon Prize Pack Series Eight,Prize Pack,Mystery Garden,MEG122,Play Pokemon Stamp,US/UK,Official card list; two checkbox marks extracted
prize_pack_series8.csv:67,Play Pokemon Prize Pack Series Eight,,Play Pokemon Prize Pack Series Eight,Prize Pack,N's PP Up,JTG153,Play Pokemon Stamp,US/UK,Official card list; two checkbox marks extracted
prize_pack_series8.csv:68,Play Pokemon Prize Pack Series Eight,,Play Pokemon Prize Pack Series Eight,Prize Pack,Postwick,JTG154,Play Pokemon Stamp,US/UK,Official card list; one checkbox mark extracted
prize_pack_series8.csv:69,Play Pokemon Prize Pack Series Eight,,Play Pokemon Prize Pack Series Eight,Prize Pack,Precious Trolley,SSP185,Play Pokemon Stamp,US/UK,Official card list; one checkbox mark extracted
prize_pack_series8.csv:70,Play Pokemon Prize Pack Series Eight,,Play Pokemon Prize Pack Series Eight,Prize Pack,Premium Power Pro,MEG124,Play Pokemon Stamp,US/UK,Official card list; two checkbox marks extracted
prize_pack_series8.csv:71,Play Pokemon Prize Pack Series Eight,,Play Pokemon Prize Pack Series Eight,Prize Pack,Risky Ruins,MEG127,Play Pokemon Stamp,US/UK,Official card list; one checkbox mark extracted
prize_pack_series8.csv:72,Play Pokemon Prize Pack Series Eight,,Play Pokemon Prize Pack Series Eight,Prize Pack,Sparkling Crystal,PRE129,Play Pokemon Stamp,US/UK,Official card list; one checkbox mark extracted
prize_pack_series8.csv:73,Play Pokemon Prize Pack Series Eight,,Play Pokemon Prize Pack Series Eight,Prize Pack,Strange Timepiece,MEG128,Play Pokemon Stamp,US/UK,Official card list; one checkbox mark extracted
prize_pack_series8.csv:74,Play Pokemon Prize Pack Series Eight,,Play Pokemon Prize Pack Series Eight,Prize Pack,Surfing Beach,MEG129,Play Pokemon Stamp,US/UK,Official card list; one checkbox mark extracted
prize_pack_series8.csv:75,Play Pokemon Prize Pack Series Eight,,Play Pokemon Prize Pack Series Eight,Prize Pack,Team Rocket's Archer,DRI170,Play Pokemon Stamp,US/UK,Official card list; one checkbox mark extracted
prize_pack_series8.csv:76,Play Pokemon Prize Pack Series Eight,,Play Pokemon Prize Pack Series Eight,Prize Pack,Team Rocket's Ariana,DRI171,Play Pokemon Stamp,US/UK,Official card list; one checkbox mark extracted
prize_pack_series8.csv:77,Play Pokemon Prize Pack Series Eight,,Play Pokemon Prize Pack Series Eight,Prize Pack,Team Rocket's Energy,DRI182,Play Pokemon Stamp,US/UK,Official card list; one checkbox mark extracted
prize_pack_series8.csv:78,Play Pokemon Prize Pack Series Eight,,Play Pokemon Prize Pack Series Eight,Prize Pack,Team Rocket's Factory,DRI173,Play Pokemon Stamp,US/UK,Official card list; one checkbox mark extracted
prize_pack_series8.csv:79,Play Pokemon Prize Pack Series Eight,,Play Pokemon Prize Pack Series Eight,Prize Pack,Team Rocket's Giovanni,DRI174,Play Pokemon Stamp,US/UK,Official card list; one checkbox mark extracted
prize_pack_series8.csv:80,Play Pokemon Prize Pack Series Eight,,Play Pokemon Prize Pack Series Eight,Prize Pack,Team Rocket's Petrel,DRI176,Play Pokemon Stamp,US/UK,Official card list; one checkbox mark extracted
prize_pack_series8.csv:81,Play Pokemon Prize Pack Series Eight,,Play Pokemon Prize Pack Series Eight,Prize Pack,Team Rocket's Proton,DRI177,Play Pokemon Stamp,US/UK,Official card list; one checkbox mark extracted
prize_pack_series8.csv:82,Play Pokemon Prize Pack Series Eight,,Play Pokemon Prize Pack Series Eight,Prize Pack,Team Rocket's Transceiver,DRI178,Play Pokemon Stamp,US/UK,Official card list; one checkbox mark extracted
prize_pack_series8.csv:83,Play Pokemon Prize Pack Series Eight,,Play Pokemon Prize Pack Series Eight,Prize Pack,Wally's Compassion,MEG132,Play Pokemon Stamp,US/UK,Official card list; one checkbox mark extracted
prize_pack_series8.csv:84,Play Pokemon Prize Pack Series Eight,,Play Pokemon Prize Pack Series Eight,Prize Pack,Basic Darkness Energy,MEE007,Play Pokemon Stamp,US/UK,Official card list; two checkbox marks extracted
prize_pack_series8.csv:85,Play Pokemon Prize Pack Series Eight,,Play Pokemon Prize Pack Series Eight,Prize Pack,Basic Fighting Energy,MEE006,Play Pokemon Stamp,US/UK,Official card list; two checkbox marks extracted
prize_pack_series8.csv:86,Play Pokemon Prize Pack Series Eight,,Play Pokemon Prize Pack Series Eight,Prize Pack,Basic Fire Energy,MEE002,Play Pokemon Stamp,US/UK,Official card list; two checkbox marks extracted
prize_pack_series8.csv:87,Play Pokemon Prize Pack Series Eight,,Play Pokemon Prize Pack Series Eight,Prize Pack,Basic Grass Energy,MEE001,Play Pokemon Stamp,US/UK,Official card list; two checkbox marks extracted
prize_pack_series8.csv:88,Play Pokemon Prize Pack Series Eight,,Play Pokemon Prize Pack Series Eight,Prize Pack,Basic Lightning Energy,MEE004,Play Pokemon Stamp,US/UK,Official card list; two checkbox marks extracted
prize_pack_series8.csv:89,Play Pokemon Prize Pack Series Eight,,Play Pokemon Prize Pack Series Eight,Prize Pack,Basic Metal Energy,MEE008,Play Pokemon Stamp,US/UK,Official card list; two checkbox marks extracted
prize_pack_series8.csv:90,Play Pokemon Prize Pack Series Eight,,Play Pokemon Prize Pack Series Eight,Prize Pack,Basic Psychic Energy,MEE005,Play Pokemon Stamp,US/UK,Official card list; two checkbox marks extracted
prize_pack_series8.csv:91,Play Pokemon Prize Pack Series Eight,,Play Pokemon Prize Pack Series Eight,Prize Pack,Basic Water Energy,MEE003,Play Pokemon Stamp,US/UK,Official card list; two checkbox marks extracted
