Category,Card Name,Card Number,Variant,Region,Purchase Options,Source Rows
Stamped Cards,Xerneas,MEG064,Mega Evolution Stamp,US/Australia/New Zealand,Mega Evolution - Retailer Gift With Purchase,mega_placeholders.csv:180
Stamped Cards,Bulbasaur,MEG133,Mega Evolution Stamp,US/UK,Mega Evolution - Mega Evolution Booster Display Boxes,mega_placeholders.csv:23
Stamped Cards,Meganium,MEP001,Black Star Promo,US/UK,Mega Evolution - Mega Evolution Build & Battle Box,mega_placeholders.csv:2
Stamped Cards,Inteleon,MEP002,Black Star Promo,US/UK,Mega Evolution - Mega Evolution Build & Battle Box,mega_placeholders.csv:3
Stamped Cards,Alakazam,MEP003,Black Star Promo,US/UK,Mega Evolution - Mega Evolution Build & Battle Box,mega_placeholders.csv:4
Stamped Cards,Lunatone,MEP004,Black Star Promo,US/UK,Mega Evolution - Mega Evolution Build & Battle Box,mega_placeholders.csv:5
Stamped Cards,Ceruledge,MEP014,Black Star Promo,US/UK,Phantasmal Flames - Phantasmal Flames Build & Battle Box,mega_placeholders.csv:38
Stamped Cards,Zacian,MEP015,Black Star Promo,US/UK,Phantasmal Flames - Phantasmal Flames Build & Battle Box,mega_placeholders.csv:39
Stamped Cards,Flygon,MEP016,Black Star Promo,US/UK,Phantasmal Flames - Phantasmal Flames Build & Battle Box,mega_placeholders.csv:40
Stamped Cards,Toxtricity,MEP017,Black Star Promo,US/UK,Phantasmal Flames - Phantasmal Flames Build & Battle Box,mega_placeholders.csv:41
Stamped Cards,Serperior,MEP064,Black Star Promo,US/UK,Perfect Order - Perfect Order Build & Battle Box,mega_placeholders.csv:89
Stamped Cards,Barbaracle,MEP065,Black Star Promo,US/UK,Perfect Order - Perfect Order Build & Battle Box,mega_placeholders.csv:90
Stamped Cards,Tyrantrum,MEP066,Black Star Promo,US/UK,Perfect Order - Perfect Order Build & Battle Box,mega_placeholders.csv:91
Stamped Cards,Doublade,MEP067,Black Star Promo,US/UK,Perfect Order - Perfect Order Build & Battle Box,mega_placeholders.csv:92
Stamped Cards,Delphox,MEP074,Black Star Promo,US/UK,Chaos Rising - Chaos Rising Build & Battle Box,mega_placeholders.csv:114
Stamped Cards,Ampharos,MEP075,Black Star Promo,US/UK,Chaos Rising - Chaos Rising Build & Battle Box,mega_placeholders.csv:115
Stamped Cards,Crobat,MEP076,Black Star Promo,US/UK,Chaos Rising - Chaos Rising Build & Battle Box,mega_placeholders.csv:116
Stamped Cards,Goodra,MEP077,Black Star Promo,US/UK,Chaos Rising - Chaos Rising Build & Battle Box,mega_placeholders.csv:117
Stamped Cards,Reshiram,PFL017,Phantasmal Flames Stamp,US,Phantasmal Flames - Retailer Gift With Purchase,mega_placeholders.csv:185
Stamped Cards,Suicune,PFL026,EB Games Stamp,Canada/Australia/New Zealand,Phantasmal Flames - Retailer Gift With Purchase,mega_placeholders.csv:184
Stamped Cards,Suicune,PFL026,GameStop Stamp,US,Phantasmal Flames - Retailer Gift With Purchase,mega_placeholders.csv:183
Stamped Cards,Aurorus,POR024,Perfect Order Stamp,US,Perfect Order - Retailer Gift With Purchase,mega_placeholders.csv:190
Stamped Cards,Luxray,POR027,Perfect Order Stamp,US/Australia/New Zealand,Perfect Order - Retailer Gift With Purchase,mega_placeholders.csv:189
Stamped Cards,Gengar,POR050,EB Games Stamp,Canada/Australia,Perfect Order - Retailer Gift With Purchase,mega_placeholders.csv:188
Stamped Cards,Gengar,POR050,GameStop Stamp,US,Perfect Order - Retailer Gift With Purchase,mega_placeholders.csv:187
Stamped Cards,Pikachu,TEF051,2026 Pokemon Day Stamp,US/UK,Mega Evolution - Pokemon Day 2026 Collection,mega_placeholders.csv:65
Stamped Cards,Archeops,WHT051,Excavator Pikachu Stamp,US/UK,Black Bolt & White Flare - Pokemon Fossil Museum merchandise,mega_placeholders.csv:132
Stamped Cards,Delphox,,Chaos Rising Stamp,US/Australia/New Zealand,Chaos Rising - Retailer Gift With Purchase,mega_placeholders.csv:194
Stamped Cards,Genesect,,Phantasmal Flames Stamp,US/Australia/New Zealand,Phantasmal Flames - Retailer Gift With Purchase,mega_placeholders.csv:186
Stamped Cards,Ho-Oh,,EB Games Stamp,Canada/Australia,Chaos Rising - Retailer Gift With Purchase,mega_placeholders.csv:192
Stamped Cards,Ho-Oh,,GameStop Stamp,US,Chaos Rising - Retailer Gift With Purchase,mega_placeholders.csv:191
Stamped Cards,Keldeo,,Chaos Rising Stamp,US,Chaos Rising - Retailer Gift With Purchase,mega_placeholders.csv:193
Stamped Cards,Yveltal,,EB Games Stamp,Canada/Australia/New Zealand,Mega Evolution - Retailer Gift With Purchase,mega_placeholders.csv:182
Stamped Cards,Yveltal,,GameStop Stamp,US,Mega Evolution - Retailer Gift With Purchase,mega_placeholders.csv:181
Promo Cards,Black Belt's Training,SVP219,Black Star Promo,US/UK,Mega Evolution - Trainer's Toolkit 2025,mega_placeholders.csv:29
Promo Cards,Black Belt's Training,SVP220,Black Star Promo,US/UK,Mega Evolution - Trainer's Toolkit 2025,mega_placeholders.csv:30
Promo Cards,Professor's Research [Professor Birch],SVP221,Black Star Promo,US/UK,Mega Evolution - Trainer's Toolkit 2025,mega_placeholders.csv:31
Promo Cards,Professor's Research [Professor Kukui],SVP222,Black Star Promo,US/UK,Mega Evolution - Trainer's Toolkit 2025,mega_placeholders.csv:32
Promo Cards,Professor's Research [Professor Magnolia],SVP223,Black Star Promo,US/UK,Mega Evolution - Trainer's Toolkit 2025,mega_placeholders.csv:33
MCAP Cards,Chikorita,ASC008,Pixel Cosmos Holo,US/UK,Ascended Heroes - Ascended Heroes First Partners Deluxe Pin Collection,mega_placeholders.csv:77
MCAP Cards,Charmander,ASC020,Pixel Cosmos Holo,US/UK,Ascended Heroes - Ascended Heroes Tech Sticker Collections,mega_placeholders.csv:66
MCAP Cards,Tepig,ASC029,Pixel Cosmos Holo,US/UK,Ascended Heroes - Ascended Heroes First Partners Deluxe Pin Collection,mega_placeholders.csv:78
MCAP Cards,Totodile,ASC041,Pixel Cosmos Holo,US/UK,Ascended Heroes - Ascended Heroes First Partners Deluxe Pin Collection,mega_placeholders.csv:79
MCAP Cards,Gastly,ASC123,Pixel Cosmos Holo,US/UK,Ascended Heroes - Ascended Heroes Tech Sticker Collections,mega_placeholders.csv:67
MCAP Cards,Hydrapple,DRI018,Pixel Cosmos Holo,US/UK,Phantasmal Flames - Phantasmal Flames Blisters,mega_placeholders.csv:48
MCAP Cards,Blaziken,DRI042,Pixel Cosmos Holo,US/UK,Phantasmal Flames - Phantasmal Flames Blisters,mega_placeholders.csv:51
MCAP Cards,Meowscarada,JTG018,Cosmos Holo,US/UK,Mega Evolution - Mega Evolution Blisters,mega_placeholders.csv:15
MCAP Cards,Wailord,JTG041,Cosmos Holo,US/UK,Mega Evolution - Mega Evolution Blisters,mega_placeholders.csv:17
MCAP Cards,Lycanroc,JTG085,Cosmos Holo,US/UK,Mega Evolution - Mega Evolution Blisters,mega_placeholders.csv:21
MCAP Cards,Tyranitar,JTG095,Cosmos Holo,US/UK,Mega Evolution - Mega Evolution Blisters,mega_placeholders.csv:22
MCAP Cards,Meganium,MEG010,Non Holo,US/UK,Mega Evolution - Mega Evolution Build & Battle Box,mega_placeholders.csv:6
MCAP Cards,Meganium,MEG010,Pixel Cosmos Holo,US/UK,Perfect Order - Perfect Order Blisters,mega_placeholders.csv:97
MCAP Cards,Cinderace,MEG028,Pixel Cosmos Holo,US/UK,Perfect Order - Perfect Order Blisters,mega_placeholders.csv:100
MCAP Cards,Clawitzer,MEG038,Pixel Cosmos Holo,US/UK,Perfect Order - Perfect Order Blisters,mega_placeholders.csv:102
MCAP Cards,Raikou,MEG048,Pixel Cosmos Holo,US/UK,Mega Evolution - Raikou Two Pack Blister,mega_placeholders.csv:64
MCAP Cards,Ralts,MEG058,Cosmos Holo,US/UK,Mega Evolution - Mega Evolution Collector Chest,mega_placeholders.csv:59
MCAP Cards,Kirlia,MEG059,Cosmos Holo,US/UK,Mega Evolution - Mega Evolution Collector Chest,mega_placeholders.csv:60
MCAP Cards,Xerneas,MEG064,Non Holo,US/UK,Mega Evolution - Mega Evolution Build & Battle Box,mega_placeholders.csv:7
MCAP Cards,Hariyama,MEG074,Non Holo,US/UK,Mega Evolution - Mega Evolution Build & Battle Box,mega_placeholders.csv:8
MCAP Cards,Riolu,MEG076,Cosmos Holo,US/UK,Mega Evolution - Mega Evolution Collector Chest,mega_placeholders.csv:61
MCAP Cards,Steelix,MEG093,Pixel Cosmos Holo,US/UK,Perfect Order - Perfect Order Blisters,mega_placeholders.csv:104
MCAP Cards,Drifloon,MEP005,Pixel Cosmos Holo,US/UK,Mega Evolution - Mega Evolution Blisters,mega_placeholders.csv:9
MCAP Cards,Drifblim,MEP006,Pixel Cosmos Holo,US/UK,Mega Evolution - Mega Evolution Blisters,mega_placeholders.csv:10
MCAP Cards,Psyduck,MEP007,Pixel Cosmos Holo,US/UK,Mega Evolution - Mega Evolution Blisters,mega_placeholders.csv:11
MCAP Cards,Golduck,MEP008,Pixel Cosmos Holo,US/UK,Mega Evolution - Mega Evolution Blisters,mega_placeholders.csv:12
MCAP Cards,Alakazam,MEP009,Black Star Promo,US/UK,Mega Evolution - Mega Evolution Elite Trainer Box,mega_placeholders.csv:24
MCAP Cards,Alakazam,MEP009,Pokemon Center Stamp,US/UK,Mega Evolution - Mega Evolution Elite Trainer Box,mega_placeholders.csv:25
MCAP Cards,Riolu,MEP010,Black Star Promo,US/UK,Mega Evolution - Mega Evolution Elite Trainer Box,mega_placeholders.csv:26
MCAP Cards,Riolu,MEP010,Pokemon Center Stamp,US/UK,Mega Evolution - Mega Evolution Elite Trainer Box,mega_placeholders.csv:27
MCAP Cards,Mega Latias ex,MEP011,Black Star Promo,US/UK,Mega Evolution - Mega Latias ex Box,mega_placeholders.csv:28
MCAP Cards,Mega Venusaur ex,MEP013,Black Star Promo,US/UK,Mega Evolution - Mega Venusaur ex Premium Collection,mega_placeholders.csv:63
MCAP Cards,Cottonee,MEP018,Smooth Cosmos Holo,US/UK,Phantasmal Flames - Phantasmal Flames Blisters,mega_placeholders.csv:42
MCAP Cards,Whimsicott,MEP019,Smooth Cosmos Holo,US/UK,Phantasmal Flames - Phantasmal Flames Blisters,mega_placeholders.csv:43
MCAP Cards,Sneasel,MEP020,Smooth Cosmos Holo,US/UK,Phantasmal Flames - Phantasmal Flames Blisters,mega_placeholders.csv:44
MCAP Cards,Weavile,MEP021,Smooth Cosmos Holo,US/UK,Phantasmal Flames - Phantasmal Flames Blisters,mega_placeholders.csv:45
MCAP Cards,Charcadet,MEP022,Black Star Promo,US/UK,Phantasmal Flames - Phantasmal Flames Elite Trainer Box,mega_placeholders.csv:52
MCAP Cards,Charcadet,MEP022,Pokemon Center Stamp,US/UK,Phantasmal Flames - Phantasmal Flames Elite Trainer Box,mega_placeholders.csv:53
MCAP Cards,Mega Charizard X ex,MEP023,Black Star Promo,US/UK,Phantasmal Flames - Mega Charizard X ex Ultra-Premium Collection,mega_placeholders.csv:54
MCAP Cards,Oricorio ex,MEP024,Black Star Promo,US/UK,Phantasmal Flames - Mega Charizard X ex Ultra-Premium Collection,mega_placeholders.csv:55
MCAP Cards,Mega Kangaskhan ex,MEP025,Black Star Promo,US/UK,Mega Evolution - Mega Kangaskhan ex Box,mega_placeholders.csv:62
MCAP Cards,Mega Charizard X ex,MEP029,Black Star Promo,US/UK,Ascended Heroes - Mega Charizard Tins,mega_placeholders.csv:73
MCAP Cards,Mega Charizard Y ex,MEP030,Black Star Promo,US/UK,Ascended Heroes - Mega Charizard Tins,mega_placeholders.csv:74
MCAP Cards,N's Zekrom,MEP031,Black Star Promo,US/UK,Ascended Heroes - Ascended Heroes Elite Trainer Box,mega_placeholders.csv:71
MCAP Cards,N's Zekrom,MEP031,Pokemon Center Stamp,US/UK,Ascended Heroes - Ascended Heroes Elite Trainer Box,mega_placeholders.csv:72
MCAP Cards,Mega Meganium ex,MEP034,Black Star Promo,US/UK,Ascended Heroes - Mega Meganium ex Box | Ascended Heroes - Ascended Heroes Tins,mega_placeholders.csv:110 | mega_placeholders.csv:172
MCAP Cards,Mega Emboar ex,MEP035,Black Star Promo,US/UK,Ascended Heroes - Mega Emboar ex Box | Ascended Heroes - Ascended Heroes Tins,mega_placeholders.csv:111 | mega_placeholders.csv:173
MCAP Cards,Mega Feraligatr ex,MEP036,Black Star Promo,US/UK,Ascended Heroes - Mega Feraligatr ex Box | Ascended Heroes - Ascended Heroes Tins,mega_placeholders.csv:112 | mega_placeholders.csv:174
MCAP Cards,Makuhita,MEP068,Smooth Cosmos Holo,US/UK,Perfect Order - Perfect Order Blisters,mega_placeholders.csv:93
MCAP Cards,Chikorita,MEP069,Smooth Cosmos Holo,US/UK,Perfect Order - Perfect Order Blisters,mega_placeholders.csv:94
MCAP Cards,Tyrunt,MEP070,Black Star Promo,US/UK,Perfect Order - Perfect Order Elite Trainer Box,mega_placeholders.csv:105
MCAP Cards,Tyrunt,MEP070,Pokemon Center Stamp,US/UK,Perfect Order - Perfect Order Elite Trainer Box,mega_placeholders.csv:106
MCAP Cards,Mega Zygarde ex,MEP071,Black Star Promo,US/UK,Perfect Order - Mega Zygarde ex Premium Collection,mega_placeholders.csv:113
MCAP Cards,Mega Clefable ex,MEP072,Black Star Promo,US/UK,Chaos Rising - Mega Moonlit Tins,mega_placeholders.csv:133
MCAP Cards,Mega Gengar ex,MEP073,Black Star Promo,US/UK,Chaos Rising - Mega Moonlit Tins,mega_placeholders.csv:134
MCAP Cards,Toxel,MEP078,Smooth Cosmos Holo,US/UK,Chaos Rising - Chaos Rising Blisters,mega_placeholders.csv:118
MCAP Cards,Charmeleon,MEP079,Smooth Cosmos Holo,US/UK,Chaos Rising - Chaos Rising Blisters,mega_placeholders.csv:119
MCAP Cards,Fennekin,MEP080,Black Star Promo,US/UK,Chaos Rising - Chaos Rising Elite Trainer Box,mega_placeholders.csv:130
MCAP Cards,Fennekin,MEP080,Pokemon Center Stamp,US/UK,Chaos Rising - Chaos Rising Elite Trainer Box,mega_placeholders.csv:131
MCAP Cards,Mega Greninja ex,MEP081,Black Star Promo,US/UK,Chaos Rising - Mega Greninja ex Premium Collection,mega_placeholders.csv:145
MCAP Cards,Slowpoke,MEP086,Smooth Cosmos Holo,US/UK,Pitch Black - Pitch Black Blisters,mega_placeholders.csv:146
MCAP Cards,Binacle,MEP087,Smooth Cosmos Holo,US/UK,Pitch Black - Pitch Black Blisters,mega_placeholders.csv:147
MCAP Cards,Zarude,MEP088,Black Star Promo,US/UK,Pitch Black - Pitch Black Elite Trainer Box,mega_placeholders.csv:158
MCAP Cards,Zarude,MEP088,Pokemon Center Stamp,US/UK,Pitch Black - Pitch Black Elite Trainer Box,mega_placeholders.csv:159
MCAP Cards,Boss's Orders [Ghetsis],PAL172,Non Holo,US/UK,Mega Evolution - Trainer's Toolkit 2025,mega_placeholders.csv:34
MCAP Cards,Zarude,PBL056,Pixel Cosmos Holo,US/UK,Pitch Black - Zarude Two Pack Blister,mega_placeholders.csv:179
MCAP Cards,Oddish,PFL001,Pixel Cosmos Holo,US/UK,Phantasmal Flames - Enhanced 2-Pack Blister: Oddish Gloom & Vileplume,mega_placeholders.csv:107
MCAP Cards,Gloom,PFL002,Pixel Cosmos Holo,US/UK,Phantasmal Flames - Enhanced 2-Pack Blister: Oddish Gloom & Vileplume,mega_placeholders.csv:108
MCAP Cards,Vileplume,PFL003,Pixel Cosmos Holo,US/UK,Phantasmal Flames - Enhanced 2-Pack Blister: Oddish Gloom & Vileplume,mega_placeholders.csv:109
MCAP Cards,Moltres,PFL014,Non Holo,US/UK,Chaos Rising - Chaos Rising Blisters,mega_placeholders.csv:120
MCAP Cards,Reshiram,PFL017,Cosmos Holo,US/UK,Chaos Rising - Chaos Rising Blisters,mega_placeholders.csv:121
MCAP Cards,Pawmot,PFL034,Cosmos Holo,US/UK,Chaos Rising - Chaos Rising Blisters,mega_placeholders.csv:124
MCAP Cards,Zacian,PFL045,Cosmos Holo,US/UK,Chaos Rising - Chaos Rising Blisters,mega_placeholders.csv:126
MCAP Cards,Flygon,PFL053,Cosmos Holo,US/UK,Chaos Rising - Chaos Rising Blisters,mega_placeholders.csv:129
MCAP Cards,Luxray,POR027,Pixel Cosmos Holo,US/UK,Pitch Black - Pitch Black Blisters,mega_placeholders.csv:152
MCAP Cards,Gengar,POR050,Pixel Cosmos Holo,US/UK,Pitch Black - Pitch Black Blisters,mega_placeholders.csv:157
MCAP Cards,Mega Darkrai ex,,Black Star Promo,US/UK,Pitch Black - Mega Forces Tins,mega_placeholders.csv:170
MCAP Cards,Mega Dragonite ex,,Black Star Promo,US/UK,Pitch Black - Mega Forces Tins,mega_placeholders.csv:171
MCAP Cards,Mega Zeraora ex,,Black Star Promo,US/UK,Pitch Black - Mega Forces Tins,mega_placeholders.csv:169
Prize Pack Cards,Kyurem ex,BLK028,Play Pokemon Stamp,US/UK,Play Pokemon Prize Pack Series Eight - Play Pokemon Prize Pack Series Eight,prize_pack_series8.csv:24
Prize Pack Cards,Eelektrik,BLK031,Play Pokemon Stamp,US/UK,Play Pokemon Prize Pack Series Eight - Play Pokemon Prize Pack Series Eight,prize_pack_series8.csv:10
Prize Pack Cards,Zekrom ex,BLK034,Play Pokemon Stamp,US/UK,Play Pokemon Prize Pack Series Eight - Play Pokemon Prize Pack Series Eight,prize_pack_series8.csv:50
Prize Pack Cards,Conkeldurr,BLK049,Play Pokemon Stamp,US/UK,Play Pokemon Prize Pack Series Eight - Play Pokemon Prize Pack Series Eight,prize_pack_series8.csv:6
Prize Pack Cards,Genesect ex,BLK067,Play Pokemon Stamp,US/UK,Play Pokemon Prize Pack Series Eight - Play Pokemon Prize Pack Series Eight,prize_pack_series8.csv:16
Prize Pack Cards,Air Balloon,BLK079,Play Pokemon Stamp,US/UK,Play Pokemon Prize Pack Series Eight - Play Pokemon Prize Pack Series Eight,prize_pack_series8.csv:51
Prize Pack Cards,Yanmega ex,DRI003,Play Pokemon Stamp,US/UK,Play Pokemon Prize Pack Series Eight - Play Pokemon Prize Pack Series Eight,prize_pack_series8.csv:49
Prize Pack Cards,Cynthia's Roserade,DRI008,Play Pokemon Stamp,US/UK,Play Pokemon Prize Pack Series Eight - Play Pokemon Prize Pack Series Eight,prize_pack_series8.csv:9
Prize Pack Cards,Shaymin,DRI010,Play Pokemon Stamp,US/UK,Play Pokemon Prize Pack Series Eight - Play Pokemon Prize Pack Series Eight,prize_pack_series8.csv:43
Prize Pack Cards,Team Rocket's Spidops,DRI020,Play Pokemon Stamp,US/UK,Play Pokemon Prize Pack Series Eight - Play Pokemon Prize Pack Series Eight,prize_pack_series8.csv:48
Prize Pack Cards,Ethan's Quilava,DRI033,Play Pokemon Stamp,US/UK,Play Pokemon Prize Pack Series Eight - Play Pokemon Prize Pack Series Eight,prize_pack_series8.csv:14
Prize Pack Cards,Ethan's Typhlosion,DRI034,Play Pokemon Stamp,US/UK,Play Pokemon Prize Pack Series Eight - Play Pokemon Prize Pack Series Eight,prize_pack_series8.csv:15
Prize Pack Cards,Ethan's Magcargo,DRI036,Play Pokemon Stamp,US/UK,Play Pokemon Prize Pack Series Eight - Play Pokemon Prize Pack Series Eight,prize_pack_series8.csv:13
Prize Pack Cards,Ethan's Ho-Oh ex,DRI039,Play Pokemon Stamp,US/UK,Play Pokemon Prize Pack Series Eight - Play Pokemon Prize Pack Series Eight,prize_pack_series8.csv:12
Prize Pack Cards,Team Rocket's Mewtwo ex,DRI081,Play Pokemon Stamp,US/UK,Play Pokemon Prize Pack Series Eight - Play Pokemon Prize Pack Series Eight,prize_pack_series8.csv:46
Prize Pack Cards,Cynthia's Gabite,DRI103,Play Pokemon Stamp,US/UK,Play Pokemon Prize Pack Series Eight - Play Pokemon Prize Pack Series Eight,prize_pack_series8.csv:7
Prize Pack Cards,Cynthia's Garchomp ex,DRI104,Play Pokemon Stamp,US/UK,Play Pokemon Prize Pack Series Eight - Play Pokemon Prize Pack Series Eight,prize_pack_series8.csv:8
Prize Pack Cards,Team Rocket's Nidoking ex,DRI119,Play Pokemon Stamp,US/UK,Play Pokemon Prize Pack Series Eight - Play Pokemon Prize Pack Series Eight,prize_pack_series8.csv:47
Prize Pack Cards,Team Rocket's Crobat ex,DRI122,Play Pokemon Stamp,US/UK,Play Pokemon Prize Pack Series Eight - Play Pokemon Prize Pack Series Eight,prize_pack_series8.csv:45
Prize Pack Cards,Arven's Mabosstiff ex,DRI139,Play Pokemon Stamp,US/UK,Play Pokemon Prize Pack Series Eight - Play Pokemon Prize Pack Series Eight,prize_pack_series8.csv:3
Prize Pack Cards,Cynthia's Power Weight,DRI162,Play Pokemon Stamp,US/UK,Play Pokemon Prize Pack Series Eight - Play Pokemon Prize Pack Series Eight,prize_pack_series8.csv:54
Prize Pack Cards,Ethan's Adventure,DRI165,Play Pokemon Stamp,US/UK,Play Pokemon Prize Pack Series Eight - Play Pokemon Prize Pack Series Eight,prize_pack_series8.csv:56
Prize Pack Cards,Team Rocket's Archer,DRI170,Play Pokemon Stamp,US/UK,Play Pokemon Prize Pack Series Eight - Play Pokemon Prize Pack Series Eight,prize_pack_series8.csv:75
Prize Pack Cards,Team Rocket's Ariana,DRI171,Play Pokemon Stamp,US/UK,Play Pokemon Prize Pack Series Eight - Play Pokemon Prize Pack Series Eight,prize_pack_series8.csv:76
Prize Pack Cards,Team Rocket's Factory,DRI173,Play Pokemon Stamp,US/UK,Play Pokemon Prize Pack Series Eight - Play Pokemon Prize Pack Series Eight,prize_pack_series8.csv:78
Prize Pack Cards,Team Rocket's Giovanni,DRI174,Play Pokemon Stamp,US/UK,Play Pokemon Prize Pack Series Eight - Play Pokemon Prize Pack Series Eight,prize_pack_series8.csv:79
Prize Pack Cards,Team Rocket's Petrel,DRI176,Play Pokemon Stamp,US/UK,Play Pokemon Prize Pack Series Eight - Play Pokemon Prize Pack Series Eight,prize_pack_series8.csv:80
Prize Pack Cards,Team Rocket's Proton,DRI177,Play Pokemon Stamp,US/UK,Play Pokemon Prize Pack Series Eight - Play Pokemon Prize Pack Series Eight,prize_pack_series8.csv:81
Prize Pack Cards,Team Rocket's Transceiver,DRI178,Play Pokemon Stamp,US/UK,Play Pokemon Prize Pack Series Eight - Play Pokemon Prize Pack Series Eight,prize_pack_series8.csv:82
Prize Pack Cards,Team Rocket's Energy,DRI182,Play Pokemon Stamp,US/UK,Play Pokemon Prize Pack Series Eight - Play Pokemon Prize Pack Series Eight,prize_pack_series8.csv:77
Prize Pack Cards,N's Darmanitan,JTG027,Play Pokemon Stamp,US/UK,Play Pokemon Prize Pack Series Eight - Play Pokemon Prize Pack Series Eight,prize_pack_series8.csv:39
Prize Pack Cards,Iono's Voltorb,JTG047,Play Pokemon Stamp,US/UK,Play Pokemon Prize Pack Series Eight - Play Pokemon Prize Pack Series Eight,prize_pack_series8.csv:23
Prize Pack Cards,Iono's Bellibolt ex,JTG053,Play Pokemon Stamp,US/UK,Play Pokemon Prize Pack Series Eight - Play Pokemon Prize Pack Series Eight,prize_pack_series8.csv:21
Prize Pack Cards,Iono's Kilowattrel,JTG055,Play Pokemon Stamp,US/UK,Play Pokemon Prize Pack Series Eight - Play Pokemon Prize Pack Series Eight,prize_pack_series8.csv:22
Prize Pack Cards,Lillie's Clefairy ex,JTG056,Play Pokemon Stamp,US/UK,Play Pokemon Prize Pack Series Eight - Play Pokemon Prize Pack Series Eight,prize_pack_series8.csv:26
Prize Pack Cards,Lillie's Ribombee,JTG067,Play Pokemon Stamp,US/UK,Play Pokemon Prize Pack Series Eight - Play Pokemon Prize Pack Series Eight,prize_pack_series8.csv:27
Prize Pack Cards,N's Zoroark ex,JTG098,Play Pokemon Stamp,US/UK,Play Pokemon Prize Pack Series Eight - Play Pokemon Prize Pack Series Eight,prize_pack_series8.csv:41
Prize Pack Cards,Hop's Zacian ex,JTG111,Play Pokemon Stamp,US/UK,Play Pokemon Prize Pack Series Eight - Play Pokemon Prize Pack Series Eight,prize_pack_series8.csv:20
Prize Pack Cards,N's Reshiram,JTG116,Play Pokemon Stamp,US/UK,Play Pokemon Prize Pack Series Eight - Play Pokemon Prize Pack Series Eight,prize_pack_series8.csv:40
Prize Pack Cards,Hop's Snorlax,JTG117,Play Pokemon Stamp,US/UK,Play Pokemon Prize Pack Series Eight - Play Pokemon Prize Pack Series Eight,prize_pack_series8.csv:19
Prize Pack Cards,Hop's Dubwool,JTG136,Play Pokemon Stamp,US/UK,Play Pokemon Prize Pack Series Eight - Play Pokemon Prize Pack Series Eight,prize_pack_series8.csv:18
Prize Pack Cards,Hop's Choice Band,JTG148,Play Pokemon Stamp,US/UK,Play Pokemon Prize Pack Series Eight - Play Pokemon Prize Pack Series Eight,prize_pack_series8.csv:59
Prize Pack Cards,Levincia,JTG150,Play Pokemon Stamp,US/UK,Play Pokemon Prize Pack Series Eight - Play Pokemon Prize Pack Series Eight,prize_pack_series8.csv:61
Prize Pack Cards,Lillie's Pearl,JTG151,Play Pokemon Stamp,US/UK,Play Pokemon Prize Pack Series Eight - Play Pokemon Prize Pack Series Eight,prize_pack_series8.csv:63
Prize Pack Cards,N's PP Up,JTG153,Play Pokemon Stamp,US/UK,Play Pokemon Prize Pack Series Eight - Play Pokemon Prize Pack Series Eight,prize_pack_series8.csv:67
Prize Pack Cards,Postwick,JTG154,Play Pokemon Stamp,US/UK,Play Pokemon Prize Pack Series Eight - Play Pokemon Prize Pack Series Eight,prize_pack_series8.csv:68
Prize Pack Cards,Basic Grass Energy,MEE001,Play Pokemon Stamp,US/UK,Play Pokemon Prize Pack Series Eight - Play Pokemon Prize Pack Series Eight,prize_pack_series8.csv:87
Prize Pack Cards,Basic Fire Energy,MEE002,Play Pokemon Stamp,US/UK,Play Pokemon Prize Pack Series Eight - Play Pokemon Prize Pack Series Eight,prize_pack_series8.csv:86
Prize Pack Cards,Basic Water Energy,MEE003,Play Pokemon Stamp,US/UK,Play Pokemon Prize Pack Series Eight - Play Pokemon Prize Pack Series Eight,prize_pack_series8.csv:91
Prize Pack Cards,Basic Lightning Energy,MEE004,Play Pokemon Stamp,US/UK,Play Pokemon Prize Pack Series Eight - Play Pokemon Prize Pack Series Eight,prize_pack_series8.csv:88
Prize Pack Cards,Basic Psychic Energy,MEE005,Play Pokemon Stamp,US/UK,Play Pokemon Prize Pack Series Eight - Play Pokemon Prize Pack Series Eight,prize_pack_series8.csv:90
Prize Pack Cards,Basic Fighting Energy,MEE006,Play Pokemon Stamp,US/UK,Play Pokemon Prize Pack Series Eight - Play Pokemon Prize Pack Series Eight,prize_pack_series8.csv:85
Prize Pack Cards,Basic Darkness Energy,MEE007,Play Pokemon Stamp,US/UK,Play Pokemon Prize Pack Series Eight - Play Pokemon Prize Pack Series Eight,prize_pack_series8.csv:84
Prize Pack Cards,Basic Metal Energy,MEE008,Play Pokemon Stamp,US/UK,Play Pokemon Prize Pack Series Eight - Play Pokemon Prize Pack Series Eight,prize_pack_series8.csv:89
Prize Pack Cards,Mega Venusaur ex,MEG003,Play Pokemon Stamp,US/UK,Play Pokemon Prize Pack Series Eight - Play Pokemon Prize Pack Series Eight,prize_pack_series8.csv:38
Prize Pack Cards,Mega Camerupt ex,MEG022,Play Pokemon Stamp,US/UK,Play Pokemon Prize Pack Series Eight - Play Pokemon Prize Pack Series Eight,prize_pack_series8.csv:31
Prize Pack Cards,Cinderace,MEG028,Play Pokemon Stamp,US/UK,Play Pokemon Prize Pack Series Eight - Play Pokemon Prize Pack Series Eight,prize_pack_series8.csv:5
Prize Pack Cards,Mega Abomasnow ex,MEG036,Play Pokemon Stamp,US/UK,Play Pokemon Prize Pack Series Eight - Play Pokemon Prize Pack Series Eight,prize_pack_series8.csv:29
Prize Pack Cards,Mega Manectric ex,MEG050,Play Pokemon Stamp,US/UK,Play Pokemon Prize Pack Series Eight - Play Pokemon Prize Pack Series Eight,prize_pack_series8.csv:36
Prize Pack Cards,Mega Gardevoir ex,MEG060,Play Pokemon Stamp,US/UK,Play Pokemon Prize Pack Series Eight - Play Pokemon Prize Pack Series Eight,prize_pack_series8.csv:32
Prize Pack Cards,Hariyama,MEG073,Play Pokemon Stamp,US/UK,Play Pokemon Prize Pack Series Eight - Play Pokemon Prize Pack Series Eight,prize_pack_series8.csv:17
Prize Pack Cards,Lunatone,MEG074,Play Pokemon Stamp,US/UK,Play Pokemon Prize Pack Series Eight - Play Pokemon Prize Pack Series Eight,prize_pack_series8.csv:28
Prize Pack Cards,Solrock,MEG075,Play Pokemon Stamp,US/UK,Play Pokemon Prize Pack Series Eight - Play Pokemon Prize Pack Series Eight,prize_pack_series8.csv:44
Prize Pack Cards,Mega Lucario ex,MEG077,Play Pokemon Stamp,US/UK,Play Pokemon Prize Pack Series Eight - Play Pokemon Prize Pack Series Eight,prize_pack_series8.csv:35
Prize Pack Cards,Mega Absol ex,MEG086,Play Pokemon Stamp,US/UK,Play Pokemon Prize Pack Series Eight - Play Pokemon Prize Pack Series Eight,prize_pack_series8.csv:30
Prize Pack Cards,Mega Mawile ex,MEG094,Play Pokemon Stamp,US/UK,Play Pokemon Prize Pack Series Eight - Play Pokemon Prize Pack Series Eight,prize_pack_series8.csv:37
Prize Pack Cards,Mega Latias ex,MEG100,Play Pokemon Stamp,US/UK,Play Pokemon Prize Pack Series Eight - Play Pokemon Prize Pack Series Eight,prize_pack_series8.csv:34
Prize Pack Cards,Latios,MEG101,Play Pokemon Stamp,US/UK,Play Pokemon Prize Pack Series Eight - Play Pokemon Prize Pack Series Eight,prize_pack_series8.csv:25
Prize Pack Cards,Mega Kangaskhan ex,MEG104,Play Pokemon Stamp,US/UK,Play Pokemon Prize Pack Series Eight - Play Pokemon Prize Pack Series Eight,prize_pack_series8.csv:33
Prize Pack Cards,Boss's Orders,MEG114,Play Pokemon Stamp,US/UK,Play Pokemon Prize Pack Series Eight - Play Pokemon Prize Pack Series Eight,prize_pack_series8.csv:52
Prize Pack Cards,Fighting Gong,MEG116,Play Pokemon Stamp,US/UK,Play Pokemon Prize Pack Series Eight - Play Pokemon Prize Pack Series Eight,prize_pack_series8.csv:57
Prize Pack Cards,Forest of Vitality,MEG117,Play Pokemon Stamp,US/UK,Play Pokemon Prize Pack Series Eight - Play Pokemon Prize Pack Series Eight,prize_pack_series8.csv:58
Prize Pack Cards,Iron Defender,MEG118,Play Pokemon Stamp,US/UK,Play Pokemon Prize Pack Series Eight - Play Pokemon Prize Pack Series Eight,prize_pack_series8.csv:60
Prize Pack Cards,Lillie's Determination,MEG119,Play Pokemon Stamp,US/UK,Play Pokemon Prize Pack Series Eight - Play Pokemon Prize Pack Series Eight,prize_pack_series8.csv:62
Prize Pack Cards,Mega Signal,MEG121,Play Pokemon Stamp,US/UK,Play Pokemon Prize Pack Series Eight - Play Pokemon Prize Pack Series Eight,prize_pack_series8.csv:65
Prize Pack Cards,Mystery Garden,MEG122,Play Pokemon Stamp,US/UK,Play Pokemon Prize Pack Series Eight - Play Pokemon Prize Pack Series Eight,prize_pack_series8.csv:66
Prize Pack Cards,Premium Power Pro,MEG124,Play Pokemon Stamp,US/UK,Play Pokemon Prize Pack Series Eight - Play Pokemon Prize Pack Series Eight,prize_pack_series8.csv:70
Prize Pack Cards,Risky Ruins,MEG127,Play Pokemon Stamp,US/UK,Play Pokemon Prize Pack Series Eight - Play Pokemon Prize Pack Series Eight,prize_pack_series8.csv:71
Prize Pack Cards,Strange Timepiece,MEG128,Play Pokemon Stamp,US/UK,Play Pokemon Prize Pack Series Eight - Play Pokemon Prize Pack Series Eight,prize_pack_series8.csv:73
Prize Pack Cards,Surfing Beach,MEG129,Play Pokemon Stamp,US/UK,Play Pokemon Prize Pack Series Eight - Play Pokemon Prize Pack Series Eight,prize_pack_series8.csv:74
Prize Pack Cards,Wally's Compassion,MEG132,Play Pokemon Stamp,US/UK,Play Pokemon Prize Pack Series Eight - Play Pokemon Prize Pack Series Eight,prize_pack_series8.csv:83
Prize Pack Cards,Budew,PRE004,Play Pokemon Stamp,US/UK,Play Pokemon Prize Pack Series Eight - Play Pokemon Prize Pack Series Eight,prize_pack_series8.csv:4
Prize Pack Cards,Max Rod,PRE116,Play Pokemon Stamp,US/UK,Play Pokemon Prize Pack Series Eight - Play Pokemon Prize Pack Series Eight,prize_pack_series8.csv:64
Prize Pack Cards,Sparkling Crystal,PRE129,Play Pokemon Stamp,US/UK,Play Pokemon Prize Pack Series Eight - Play Pokemon Prize Pack Series Eight,prize_pack_series8.csv:72
Prize Pack Cards,Archaludon,SCR107,Play Pokemon Stamp,US/UK,Play Pokemon Prize Pack Series Eight - Play Pokemon Prize Pack Series Eight,prize_pack_series8.csv:2
Prize Pack Cards,Brilliant Blender,SSP164,Play Pokemon Stamp,US/UK,Play Pokemon Prize Pack Series Eight - Play Pokemon Prize Pack Series Eight,prize_pack_series8.csv:53
Prize Pack Cards,Energy Search Pro,SSP176,Play Pokemon Stamp,US/UK,Play Pokemon Prize Pack Series Eight - Play Pokemon Prize Pack Series Eight,prize_pack_series8.csv:55
Prize Pack Cards,Precious Trolley,SSP185,Play Pokemon Stamp,US/UK,Play Pokemon Prize Pack Series Eight - Play Pokemon Prize Pack Series Eight,prize_pack_series8.csv:69
Prize Pack Cards,Emboar,WHT013,Play Pokemon Stamp,US/UK,Play Pokemon Prize Pack Series Eight - Play Pokemon Prize Pack Series Eight,prize_pack_series8.csv:11
Prize Pack Cards,Reshiram ex,WHT020,Play Pokemon Stamp,US/UK,Play Pokemon Prize Pack Series Eight - Play Pokemon Prize Pack Series Eight,prize_pack_series8.csv:42
League and Championship Cards,Rayquaza,ASC173,PXP Stamp,US,Ascended Heroes - 2026 Pokemon World Championships merchandise,mega_placeholders.csv:175
League and Championship Cards,Ultra Ball,MEG131,Pokemon Europe International Championships Stamp,Europe,Mega Evolution - 2026 Pokemon Europe International Championships merchandise,mega_placeholders.csv:68
League and Championship Cards,Ultra Ball,MEG131,Pokemon Latin America International Championships Stamp,Brazilian Portuguese,Mega Evolution - 2026 Pokemon Latin America International Championships merchandise,mega_placeholders.csv:58
League and Championship Cards,Ultra Ball,MEG131,Pokemon North America International Championships Stamp,US,Mega Evolution - 2026 Pokemon North America International Championships merchandise,mega_placeholders.csv:135
League and Championship Cards,Paradise Resort,MEP092,World Championships 2026 Stamp,US,Mega Evolution - 2026 Pokemon World Championships merchandise,mega_placeholders.csv:176
League and Championship Cards,Pikachu,MEP093,2026 Pokemon World Championships Logo Stamp,US,Mega Evolution - 2026 Pokemon World Championships merchandise,mega_placeholders.csv:177
League and Championship Cards,Pikachu,MEP093,Play Pokemon Winner Stamp,US,Mega Evolution - 2026 Pokemon World Championships merchandise,mega_placeholders.csv:178
Other Cards,Mega Lucario ex,MEP012,Black Star Promo,US/UK,Mega Evolution - Mega Lucario ex Figure Collection,mega_placeholders.csv:37
Other Cards,Meloetta,MEP026,Black Star Promo,US/UK,Mega Evolution - Mega Battle Deck Mega Diancie ex,mega_placeholders.csv:36
Other Cards,Haunter,MEP027,Black Star Promo,US/UK,Mega Evolution - Mega Battle Deck Mega Gengar ex,mega_placeholders.csv:35
Other Cards,Mega Gardevoir ex,MEP032,Black Star Promo,US/UK,Ascended Heroes - Ascended Heroes Premium Poster Collection,mega_placeholders.csv:75
Other Cards,Mega Lucario ex,MEP033,Black Star Promo,US/UK,Ascended Heroes - Ascended Heroes Premium Poster Collection,mega_placeholders.csv:76
Other Cards,Bulbasaur,MEP037,Black Star Promo,US/UK,Mega Evolution - First Partner Illustration Collection Series 1,mega_placeholders.csv:80
Other Cards,Charmander,MEP038,Black Star Promo,US/UK,Mega Evolution - First Partner Illustration Collection Series 1,mega_placeholders.csv:81
Other Cards,Squirtle,MEP039,Black Star Promo,US/UK,Mega Evolution - First Partner Illustration Collection Series 1,mega_placeholders.csv:82
Other Cards,Turtwig,MEP040,Black Star Promo,US/UK,Mega Evolution - First Partner Illustration Collection Series 1,mega_placeholders.csv:83
Other Cards,Chimchar,MEP041,Black Star Promo,US/UK,Mega Evolution - First Partner Illustration Collection Series 1,mega_placeholders.csv:84
Other Cards,Piplup,MEP042,Black Star Promo,US/UK,Mega Evolution - First Partner Illustration Collection Series 1,mega_placeholders.csv:85
Other Cards,Rowlet,MEP043,Black Star Promo,US/UK,Mega Evolution - First Partner Illustration Collection Series 1,mega_placeholders.csv:86
Other Cards,Litten,MEP044,Black Star Promo,US/UK,Mega Evolution - First Partner Illustration Collection Series 1,mega_placeholders.csv:87
Other Cards,Popplio,MEP045,Black Star Promo,US/UK,Mega Evolution - First Partner Illustration Collection Series 1,mega_placeholders.csv:88
Other Cards,Chikorita,MEP046,Black Star Promo,US/UK,Mega Evolution - First Partner Illustration Collection Series 2,mega_placeholders.csv:136
Other Cards,Cyndaquil,MEP047,Black Star Promo,US/UK,Mega Evolution - First Partner Illustration Collection Series 2,mega_placeholders.csv:137
Other Cards,Totodile,MEP048,Black Star Promo,US/UK,Mega Evolution - First Partner Illustration Collection Series 2,mega_placeholders.csv:138
Other Cards,Snivy,MEP049,Black Star Promo,US/UK,Mega Evolution - First Partner Illustration Collection Series 2,mega_placeholders.csv:139
Other Cards,Tepig,MEP050,Black Star Promo,US/UK,Mega Evolution - First Partner Illustration Collection Series 2,mega_placeholders.csv:140
Other Cards,Oshawott,MEP051,Black Star Promo,US/UK,Mega Evolution - First Partner Illustration Collection Series 2,mega_placeholders.csv:141
Other Cards,Grookey,MEP052,Black Star Promo,US/UK,Mega Evolution - First Partner Illustration Collection Series 2,mega_placeholders.csv:142
Other Cards,Scorbunny,MEP053,Black Star Promo,US/UK,Mega Evolution - First Partner Illustration Collection Series 2,mega_placeholders.csv:143
Other Cards,Sobble,MEP054,Black Star Promo,US/UK,Mega Evolution - First Partner Illustration Collection Series 2,mega_placeholders.csv:144
Other Cards,Treecko,MEP055,Black Star Promo,US/UK,Mega Evolution - First Partner Illustration Collection Series 3,mega_placeholders.csv:160
Other Cards,Torchic,MEP056,Black Star Promo,US/UK,Mega Evolution - First Partner Illustration Collection Series 3,mega_placeholders.csv:161
Other Cards,Mudkip,MEP057,Black Star Promo,US/UK,Mega Evolution - First Partner Illustration Collection Series 3,mega_placeholders.csv:162
Other Cards,Chespin,MEP058,Black Star Promo,US/UK,Mega Evolution - First Partner Illustration Collection Series 3,mega_placeholders.csv:163
Other Cards,Fennekin,MEP059,Black Star Promo,US/UK,Mega Evolution - First Partner Illustration Collection Series 3,mega_placeholders.csv:164
Other Cards,Froakie,MEP060,Black Star Promo,US/UK,Mega Evolution - First Partner Illustration Collection Series 3,mega_placeholders.csv:165
Other Cards,Sprigatito,MEP061,Black Star Promo,US/UK,Mega Evolution - First Partner Illustration Collection Series 3,mega_placeholders.csv:166
Other Cards,Fuecoco,MEP062,Black Star Promo,US/UK,Mega Evolution - First Partner Illustration Collection Series 3,mega_placeholders.csv:167
Other Cards,Quaxly,MEP063,Black Star Promo,US/UK,Mega Evolution - First Partner Illustration Collection Series 3,mega_placeholders.csv:168
