"Product ID [Non Editable]","Variant ID [Non Editable]","Product Type [Non Editable]","Product Page","Product URL","Title","Description","SKU","GTIN","MPN","Option Name 1","Option Value 1","Option Name 2","Option Value 2","Option Name 3","Option Value 3","Option Name 4","Option Value 4","Option Name 5","Option Value 5","Option Name 6","Option Value 6","Price","Sale Price","On Sale","Stock","Categories","Tags","Weight","Length","Width","Height","Visible","Hosted Image URLs"
"685a0c6322419c70c65126b5","9625bef8-ba45-48d8-8b41-faf8b00da53d","PHYSICAL","shop","n1r74oh6mm586j67uwgrdpwyhdgzft","Pokemon Japanese Booster Pack Variety Bundle - 10 Packs","","JP-VARIETY","","","","","","","","","","","","","","","32.00","0.00","No","10","/booster-pack/japanese","Japanese","0.0","0.0","0.0","0.0","No","https://images.squarespace-cdn.com/content/v1/6735a2587d39b002f317a6d5/b584a1a2-0937-4b62-be23-768d3deb0b78/jpn10pack.jpg"
"687761820ffc54684eff0b08","a5ce0914-fa9b-4776-8ab6-9875bf16db4d","PHYSICAL","shop","pokemon-card-151-booster-box","Pokemon 151 Booster Box - Japanese","<p class="""" style=""white-space:pre-wrap;"" data-rte-preserve-empty=""true"">All booster boxes on our site are new/factory sealed</p><p class="""" style=""text-align: start; ; white-space:pre-wrap;"" data-rte-preserve-empty=""true"">Includes 1 Box of Pokémon 151 | 20 packs per box | 7 cards per pack</p>","JP-151-BOX","","","","","","","","","","","","","","","609.99","224.99","No","0","/booster-box/japanese","151, Booster Box, Sealed, Japanese, Scarlet & Violet","0.875","6.0","6.0","6.0","No","https://images.squarespace-cdn.com/content/v1/6735a2587d39b002f317a6d5/1752654725614-WPE8PHRGRFSUH70DFBYZ/D6E1F59D-CE45-4808-94A0-2CE7CEC1A194.jpeg"
"68776453511f8354c838c994","d6797349-e8cf-4d55-a713-2dba551fc10d","PHYSICAL","shop","shiny-treasure-ex-booster-box","Pokemon Shiny Treasures EX Box Japanese","<p style=""white-space:pre-wrap;"" data-rte-preserve-empty=""true"">This premium Japanese <em>Shiny Treasures EX</em> set reintroduces shiny Pokémon and EX cards with stunning foil variants. A spiritual successor to <em>Shiny Star V</em>, packed with collector value and chase cards.</p>","JP-SHINY-BOX","","","","","","","","","","","","","","","166.99","109.99","No","0","/booster-box/japanese","Japanese","0.69","0.0","0.0","0.0","No","https://images.squarespace-cdn.com/content/v1/6735a2587d39b002f317a6d5/1752654949172-EWTM3MMABCU4OVBM1440/3376E86E-C833-4540-B135-D4DDF7D1F79A.jpeg"
"687832ff6588572799f74c0f","06d82363-1474-4ff6-82f4-ca42648f86dc","PHYSICAL","shop","5svl6sjep9plwrs2tqi7988h0xrmhz","Pokemon Black Bolt Deluxe Booster Box Japanese","<p style=""white-space:pre-wrap;"" data-rte-preserve-empty=""true"">1 Deluxe Booster Box of Black Bolt (4 Booster Packs per Box, 35 Cards Per Pack)</p><p style=""white-space:pre-wrap;"" data-rte-preserve-empty=""true"">Each box guarantees:</p><ul data-rte-list=""true""><li><p style=""white-space:pre-wrap;"" data-rte-preserve-empty=""true""><span>4 Art Rares (ARs) → ~1 AR per every 1 pack</span></p></li><li><p style=""white-space:pre-wrap;"" data-rte-preserve-empty=""true""><span>1 Master Ball reverse holo</span></p></li><li><p style=""white-space:pre-wrap;"" data-rte-preserve-empty=""true""><span>1 Super Rare or better (SR/U R or Special Art Rare/BWR)</span></p></li><li><p style=""white-space:pre-wrap;"" data-rte-preserve-empty=""true""><span>4 Double Rares (DRs)</span></p></li></ul>","JP-BBD-BOX","","","","","","","","","","","","","","","252.99","113.99","No","2","/booster-box/japanese","Japanese","0.0","0.0","0.0","0.0","No","https://images.squarespace-cdn.com/content/v1/6735a2587d39b002f317a6d5/1c9939fc-6892-4f96-ae39-066dc905b7be/BlackBoltDeluxeBoosterBox.png"
"68783e65ce89914ce09241a7","6ae0762c-fa0c-4659-aa73-23972e150dfe","PHYSICAL","shop","white-flare-japanese-booster-box","Pokemon White Flare Booster Box - Japanese","<p style=""white-space:pre-wrap;"" data-rte-preserve-empty=""true"">1 Booster Box of White Flare (20 Booster Packs per Box, 7 Cards Per Pack)</p><p style=""white-space:pre-wrap;"" data-rte-preserve-empty=""true"">Each box guarantees:</p><ul data-rte-list=""true""><li><p style=""white-space:pre-wrap;"" data-rte-preserve-empty=""true""><span>4 Art Rares (ARs) → ~1 AR per every 5 packs</span></p></li><li><p style=""white-space:pre-wrap;"" data-rte-preserve-empty=""true""><span>1 Master Ball reverse holo</span></p></li><li><p style=""white-space:pre-wrap;"" data-rte-preserve-empty=""true""><span>1 Super Rare or better (SR/U R or Special Art Rare/BWR)</span></p></li><li><p style=""white-space:pre-wrap;"" data-rte-preserve-empty=""true""><span>4 Double Rares (DRs)</span></p></li></ul>","JP-WF-BOX","","","","","","","","","","","","","","","196.99","99.99","No","0","/booster-box/japanese","Japanese, Booster Box, Scarlet & Violet, White Flare, Master Ball, Poke Ball","0.875","6.0","6.0","6.0","No","https://images.squarespace-cdn.com/content/v1/6735a2587d39b002f317a6d5/b00bd50a-d06a-4f80-aa44-4e923ed44102/SV11W-bb.png"
"68783f666009d8060bb6cc79","111e4eef-7cfd-47ea-8edc-556c9dcc518f","PHYSICAL","shop","black-bolt-booster-box","Pokemon Black Bolt Booster Box - Japanese","<p style=""white-space:pre-wrap;"" data-rte-preserve-empty=""true"">1 Booster Box of Black Bolt (20 Booster Packs per Box, 7 Cards Per Pack)</p><p style=""white-space:pre-wrap;"" data-rte-preserve-empty=""true"">Each box guarantees:</p><ul data-rte-list=""true""><li><p style=""white-space:pre-wrap;"" data-rte-preserve-empty=""true""><span>4 Art Rares (ARs) → ~1 AR per every 5 packs</span></p></li><li><p style=""white-space:pre-wrap;"" data-rte-preserve-empty=""true""><span>1 Master Ball reverse holo</span></p></li><li><p style=""white-space:pre-wrap;"" data-rte-preserve-empty=""true""><span>1 Super Rare or better (SR/U R or Special Art Rare/BWR)</span></p></li><li><p style=""white-space:pre-wrap;"" data-rte-preserve-empty=""true""><span>4 Double Rares (DRs)</span></p></li></ul>","JP-BB-BOX","","","","","","","","","","","","","","","207.99","99.99","No","0","/booster-box/japanese","Japanese, Booster Box, Scarlet & Violet, Black Bolt, Master Ball, Poke Ball","0.875","6.0","6.0","6.0","No","https://images.squarespace-cdn.com/content/v1/6735a2587d39b002f317a6d5/28989ba8-79f2-4dff-85eb-5fd8df4fcc95/BlackBoltBoosterBox.png"
"68783f9632cd0b12b06d7a3e","c5e5a415-cbb5-4334-9f9f-82f0890ee653","PHYSICAL","shop","5svl6sjep9plwrs2tqi7988h0xrmhz-ehtez","Pokemon White Flare Deluxe Booster Box Japanese","<p style=""white-space:pre-wrap;"" data-rte-preserve-empty=""true"">1 Deluxe Booster Box of White Flare (4 Booster Packs per Box, 35 Cards Per Pack)</p><p style=""white-space:pre-wrap;"" data-rte-preserve-empty=""true"">Each box guarantees:</p><ul data-rte-list=""true""><li><p style=""white-space:pre-wrap;"" data-rte-preserve-empty=""true""><span>4 Art Rares (ARs) → ~1 AR per every 1 pack</span></p></li><li><p style=""white-space:pre-wrap;"" data-rte-preserve-empty=""true""><span>1 Master Ball reverse holo</span></p></li><li><p style=""white-space:pre-wrap;"" data-rte-preserve-empty=""true""><span>1 Super Rare or better (SR/U R or Special Art Rare/BWR)</span></p></li><li><p style=""white-space:pre-wrap;"" data-rte-preserve-empty=""true""><span>4 Double Rares (DRs)</span></p></li></ul>","JP-WFD-BOX","","","","","","","","","","","","","","","211.99","108.99","No","2","/booster-box/japanese","Japanese","0.0","0.0","0.0","0.0","No","https://images.squarespace-cdn.com/content/v1/6735a2587d39b002f317a6d5/3a6aac74-b8a4-42bd-a62b-c82e836ac53b/WhiteFlareDeluxeBoosterBox.png"
"68783ff7950d09665cc464f3","e35118f5-6001-44c0-ab58-7d8d777822a2","PHYSICAL","shop","5svl6sjep9plwrs2tqi7988h0xrmhz-l6e65-fff43-te7lg","Pokemon Black Bolt Booster Pack Japanese","<p style=""white-space:pre-wrap;"" data-rte-preserve-empty=""true"">1 Booster Pack of Black Bolt (1 Pack, 7 Cards)</p>","JP-BB-PACK","","","","","","","","","","","","","","","6.00","5.50","Yes","0","/booster-pack/japanese","Japanese","0.0","0.0","0.0","0.0","No","https://images.squarespace-cdn.com/content/v1/6735a2587d39b002f317a6d5/c80ca25c-fb44-4e78-8473-02cf095ed31f/BlackBoltBoosterPack.png"
"687840a57cd5c64a68bdfb0c","869b799e-2a9e-4c2c-81ab-79c4a0cfa3d1","PHYSICAL","shop","5svl6sjep9plwrs2tqi7988h0xrmhz-l6e65-fff43-te7lg-e2b5x","Pokemon White Flare Booster Pack Japanese","<p style=""text-align: start; ; white-space:pre-wrap;"" data-rte-preserve-empty=""true"">1 Booster Pack of White Flare (1 Pack, 7 Cards)</p>","JP-WF-PACK","","","","","","","","","","","","","","","6.00","4.49","Yes","0","/booster-pack/japanese","Japanese","0.0","0.0","0.0","0.0","No","https://images.squarespace-cdn.com/content/v1/6735a2587d39b002f317a6d5/d39acf8c-37a0-4fd8-b8d1-bc2c7fea7e73/WhiteFlareBoosterPack.png"
"687846756588572799f75c23","2fe8f1f6-c0e1-46b9-a124-b7864344dcc5","PHYSICAL","shop","pokemon-151-booster-pack-japanese","Pokemon 151 Booster Pack Japanese","<p style=""white-space:pre-wrap;"" data-rte-preserve-empty=""true"">1 Booster Pack of Pokemon 151 (1 Pack, 7 Cards)</p>","JP-151-PACK","","","","","","","","","","","","","","","9.99","8.99","Yes","20","/booster-pack/japanese","Japanese","0.0","0.0","0.0","0.0","No","https://images.squarespace-cdn.com/content/v1/6735a2587d39b002f317a6d5/b4cb8f87-d0f9-450d-b6ba-8086a32cd53e/151+Booster+Pack.png"
"68a8042078e7345c36e167da","22d87088-b232-4c75-a5b9-138af5825c2c","PHYSICAL","shop","destined-rivals-sleeved-booster-pack","Destined Rivals Sleeved Booster Pack - English","<p style=""white-space:pre-wrap;"" data-rte-preserve-empty=""true""><span>Prepare for trouble with the Pokmon SV10 Destined Rivals Sleeved Booster Pack Team Rocket artwork! This packs outer artwork features Team Rocket. Each booster contains ten random cards, offering an exciting mix of characters and strategies to enhance your Pokmon TCG deck. Whether youre a seasoned trainer or just starting out, this pack provides a gateway to thrilling battles and tactical gameplay. Dive into the world of Scarlet &amp; Violet with cards that celebrate evolution and strengthen your collection.</span><br><br><strong>Product Details:</strong></p><ul data-rte-list=""true""><li><p style=""white-space:pre-wrap;"" data-rte-preserve-empty=""true"">1 English <em>Destined Rivals</em> Sleeved Booster Pack</p></li><li><p style=""white-space:pre-wrap;"" data-rte-preserve-empty=""true"">10 cards per pack</p></li><li><p style=""white-space:pre-wrap;"" data-rte-preserve-empty=""true"">Pack artwork selected at random</p></li></ul>","ENG-DR-PACK","","","","","","","","","","","","","","","7.99","7.99","No","2","/booster-pack/english","English","0.0","0.0","0.0","0.0","Yes","https://images.squarespace-cdn.com/content/v1/6735a2587d39b002f317a6d5/abdb2bb7-64fe-4505-a879-1e5b6c11ee8a/Destined+Rivals.webp"
"68a8064bc59eec45ec45c925","5cb7cfce-c681-4866-99fa-3134fd57204d","PHYSICAL","shop","journey-together-sleeved-booster-packs","Journey Together Sleeved Booster Pack - English","<p style=""white-space:pre-wrap;"" data-rte-preserve-empty=""true"">Step into battle alongside your favorite Trainers and their trusted Pokémon! In the <em>Journey Together</em> expansion, deep bonds and steady guidance bring out incredible strength as Pokémon and Trainers fight as one. Unleash the might of Trainer’s Pokémon ex—including N’s Zoroark ex, Iono’s Bellibolt ex, Lillie’s Clefairy ex, Hop’s Zacian ex, and more—and experience the unstoppable power of friendship!</p><p style=""white-space:pre-wrap;"" data-rte-preserve-empty=""true""><strong>Product Details:</strong></p><ul data-rte-list=""true""><li><p style=""white-space:pre-wrap;"" data-rte-preserve-empty=""true"">1 English <em>Journey Together</em> Sleeved Booster Pack</p></li><li><p style=""white-space:pre-wrap;"" data-rte-preserve-empty=""true"">10 cards per pack</p></li><li><p style=""white-space:pre-wrap;"" data-rte-preserve-empty=""true"">Pack artwork selected at random</p></li></ul>","ENG-JT-PACK","","","","","","","","","","","","","","","5.99","5.99","No","4","/booster-pack/english","English, Journey Together","0.0","0.0","0.0","0.0","Yes","https://images.squarespace-cdn.com/content/v1/6735a2587d39b002f317a6d5/a80c7a67-695c-4fd7-ad78-422e31f90d8d/GUEST_b2aee8af-2208-420c-aee2-457f07e4d8f9.webp"
"68a80935c1bfc45b6dc04cd3","0b12aad8-6837-4c1a-b493-2ae275b02b9b","PHYSICAL","shop","destined-rivals-booster-bundle","Destined Rivals Booster Bundle - English","<p style=""white-space:pre-wrap;"" data-rte-preserve-empty=""true""><strong>Whose side will you choose?</strong> Team Rocket is back with a bold new plan, and Trainers everywhere must decide whether to rise up as heroes or join forces with the villains. Battle alongside powerful duos like <strong>Cynthia &amp; Garchomp ex</strong>, <strong>Ethan &amp; Ho-Oh ex</strong>, or <strong>Arven &amp; Mabosstiff ex</strong>—or stand with <strong>Giovanni</strong> and his legendary partner <strong>Mewtwo ex</strong>. The choice is yours in the <em>Scarlet &amp; Violet—Destined Rivals</em> expansion!</p><p style=""white-space:pre-wrap;"" data-rte-preserve-empty=""true"">This <strong>Booster Bundle</strong> is a great way to grow your collection. Inside, you’ll find:</p><ul data-rte-list=""true""><li><p style=""white-space:pre-wrap;"" data-rte-preserve-empty=""true""><strong>6 booster packs</strong> from <em>Scarlet &amp; Violet—Destined Rivals</em></p></li><li><p style=""white-space:pre-wrap;"" data-rte-preserve-empty=""true"">Each pack contains <strong>10 cards and 1 Basic Energy</strong></p></li><li><p style=""white-space:pre-wrap;"" data-rte-preserve-empty=""true"">Look for powerful new <strong>Pokémon ex</strong>, <strong>Trainer cards</strong>, and stunning <strong>Illustration Rares</strong></p></li></ul><p style=""white-space:pre-wrap;"" data-rte-preserve-empty=""true"">Perfect for collectors and players alike, this bundle gives you a head start in choosing your side and building a deck worthy of your rivals.</p>","ENG-DR-BUNDLE","","","","","","","","","","","","","","","59.99","59.99","No","1","/booster-bundle, /booster-pack/english","English, Destined Rivals","0.0","0.0","0.0","0.0","Yes","https://images.squarespace-cdn.com/content/v1/6735a2587d39b002f317a6d5/d44d12e8-04b7-4dab-b33a-c0a850a10c08/Destined+Rivals+Booster+Bundle+%281%29.png https://images.squarespace-cdn.com/content/v1/6735a2587d39b002f317a6d5/dac8d4cc-2f5b-4772-be12-b9ccdcdbbd8d/GUEST_06193308-02b8-484a-8cd3-ac5b5069527b.webp https://images.squarespace-cdn.com/content/v1/6735a2587d39b002f317a6d5/6cbbc465-2bf4-41d6-8118-f958d50afec3/GUEST_63574076-ae0d-4677-a060-2645ff496794.webp"
"68a80a9abb69fd46a0352337","4ee12bec-79f7-4253-b3d9-63f7239d49c5","PHYSICAL","shop","mega-brave-booster-box","Pokemon Mega Brave Booster Box - Japanese","<p style=""white-space:pre-wrap;"" data-rte-preserve-empty=""true""><span>Each sealed </span><em>Japanese</em><span> Mega Brave Booster Box contains 30 booster packs containing 5 random cards each.</span><br><br>This item is a pre-order / weekly import product. Orders are placed every Thursday, arrive the following Monday, and ship within 24 hours. Limited U.S. stock may be available and will ship next business day if in hand.</p>","JP-MB-BOX","","","","","","","","","","","","","","","125.99","90.99","No","Unlimited","/booster-box/japanese","Japanese, Mega Evolutions, Booster Box, Sealed, Mega Brave","0.875","6.0","6.0","6.0","Yes","https://images.squarespace-cdn.com/content/v1/6735a2587d39b002f317a6d5/79b8beeb-258b-422b-84bb-dbae778435e9/Mega+Brave+Booster+Box.png"
"68a80bc410a90473ab2634de","abca0a29-0711-4c82-9554-39d1f11a625e","PHYSICAL","shop","mega-brave-booster-pack","Pokemon Mega Brave Booster Pack - Japanese","<p style=""white-space:pre-wrap;"" data-rte-preserve-empty=""true""><strong><em>Ships from the US (we pay the tariffs so you don't have to)</em></strong><br><br><span>Pokemon Mega Brave Booster Pack</span></p><p style=""white-space:pre-wrap;"" data-rte-preserve-empty=""true""><span>Each </span><em>Japanese</em><span> Mega Brave Booster Pack contains 5 random cards.</span></p>","JP-MB-PACK","","","","","","","","","","","","","","","2.49","2.49","No","20","/booster-pack/japanese","Japanese","0.0","0.0","0.0","0.0","No","https://images.squarespace-cdn.com/content/v1/6735a2587d39b002f317a6d5/3d54cc58-04ae-4995-8b3e-c7435eb44f3b/Mega+Brave+Booster+Pack.png"
"68a80c7bbb69fd46a03523e0","c1940cc4-2b66-4dd7-be64-50eb708275c6","PHYSICAL","shop","mega-symphonia-booster-box","Pokemon Mega Symphonia Booster Box - Japanese","<p style=""white-space:pre-wrap;"" data-rte-preserve-empty=""true""><span>Each sealed </span><em>Japanese</em><span> Mega Symphonia Booster Box contains 30 booster packs containing 5 random cards each.</span><br><br>This item is a pre-order / weekly import product. Orders are placed every Thursday, arrive the following Monday, and ship within 24 hours. Limited U.S. stock may be available and will ship next business day if in hand.</p>","JP-MS-BOX","","","","","","","","","","","","","","","110.99","74.99","No","Unlimited","/booster-box/japanese","Japanese, Booster Box, Mega Symphonia, Mega Evolution","0.875","6.0","6.0","6.0","Yes","https://images.squarespace-cdn.com/content/v1/6735a2587d39b002f317a6d5/094915a7-1d2a-4bf4-9f0c-1be75dadf798/Mega+Symphonia+Booster+Box.png"
"68a80cf7c1bfc45b6dc04e67","fe39c086-e5f3-4e20-ae88-b5f049e2e9e3","PHYSICAL","shop","mega-symphonia-booster-packs","Pokemon Mega Symphonia Booster Pack Japanese","<p style=""white-space:pre-wrap;"" data-rte-preserve-empty=""true""><span>Each </span><em>Japanese</em><span> Mega Symphonia Booster Pack contains 5 random cards.</span></p>","JP-MS-PACK","","","","","","","","","","","","","","","2.49","2.49","No","0","/booster-pack/japanese","Japanese","0.0","0.0","0.0","0.0","No","https://images.squarespace-cdn.com/content/v1/6735a2587d39b002f317a6d5/8337f970-b16a-43bc-bb37-43db4c04ef08/Mega+Symphonia+Booster+Pack.png"
"68a80d7ac1bfc45b6dc04e98","5ad0900f-261d-4be6-a6a7-1f178e597c2f","PHYSICAL","shop","premium-trainer-box-mega-brave-symphonia-m1l-mega-brave-m1l","Premium Trainer Box MEGA Brave & Symphonia","<p style=""white-space:pre-wrap;"" data-rte-preserve-empty=""true""><span>Contents: • 10 Mega Brave Boosters</span><br><span>• 10 Mega Symphonia Booster</span><br><span>• Cards: 172 cards (51 types in total) 13 Pokemon cards / 59 Trainers cards / 4 Special Energy cards / 96 Basic Energy cards</span><br><span>•&nbsp;1 Card Box</span><br><span>• 1 Pokémon Coin</span><br><span>• Acrylic Damage Counter Set (6x 100 Damage, 8x 50 Damage, 10x 20 Damage &amp; 1 case)</span><br><span>• Premium Markers (1Poison &amp; 1 Burn)</span></p>","JP-MPTB-BOX","","","","","","","","","","","","","","","99.99","89.99","Yes","0","/booster-box/japanese","Japanese","0.0","0.0","0.0","0.0","No","https://images.squarespace-cdn.com/content/v1/6735a2587d39b002f317a6d5/7d59e055-87cf-4ff7-81d9-3ba2b6203675/648589_in_1000x1000.jpg"
"68c50b681e42e418769eeae3","c68465c6-a311-4460-9007-bf86e01e516e","PHYSICAL","shop","play-mat","TCG Collector’s Desk Mat – Built for Hits, Binders & Bulk","<p>Transform your setup into a true Trainer’s workspace with a desk mat designed for epic pulls, shiny hits, and serious TCG vibes. Whether you’re sorting bulk, showcasing rares, or ripping packs live on stream, this mat keeps your cards safe and your desk looking clean.</p>
<p>The smooth polyester surface is perfect for laying out cards, sliding sleeves, or gliding your mouse during late-night grinding sessions. The natural rubber base keeps the mat locked in place — even when the hype hits hard. With anti-fray stitched edges and durable materials, it’s built to handle years of collecting, trading, gaming, and streaming.</p>
<p>Choose your perfect fit — <strong>23.6&#34; × 13.8&#34;</strong> or <strong>31.5&#34; × 15.5&#34;</strong> — and upgrade your Poké-lab instantly.</p>

<p><strong>Features</strong></p>
<ul><li>
<p>100% polyester top for vibrant designs</p>
</li><li>
<p>100% natural rubber non-slip backing</p>
</li><li>
<p>Smooth surface for cards, mice, and sleeves</p>
</li><li>
<p>Anti-fray stitched edges for long life</p>
</li><li>
<p>Supports optical and laser mice</p>
</li><li>
<p>Available in multiple Trainer-friendly sizes</p>
</li><li>
<p>Perfect for TCG collectors, Pokémon fans, and pack-opening streamers</p>
</li></ul>","13124505308031821470","","","Size","31.5"" × 15.5""","","","","","","","","","","","31.43","0.00","No","Unlimited","/accessories/playmats","","0.0","0.0","0.0","0.0","Yes","https://images.squarespace-cdn.com/content/v1/6735a2587d39b002f317a6d5/1763709594282-9S48KOFZ2OT6BB7URRUT/fc0f69efd2ae82bc66d8c72a35a112a2 https://images.squarespace-cdn.com/content/v1/6735a2587d39b002f317a6d5/1763709601247-O20IJVXVTTUCDYVL2DZO/3c6027be6e86855a6453d7c8fc16be58 https://images.squarespace-cdn.com/content/v1/6735a2587d39b002f317a6d5/1763709609121-2CI39Y3ACT6BJTKXPB5X/a5c20684726643002f1873dc4d9dfea1 https://images.squarespace-cdn.com/content/v1/6735a2587d39b002f317a6d5/1763709617117-9VNTXKFUR3VD0AX86QLG/bd3df1b2a3d5ceab5520d5060a5b4d7c https://images.squarespace-cdn.com/content/v1/6735a2587d39b002f317a6d5/1763709622562-555NT3NFE2F7ZTF326VQ/929bc8783875f5b49085ae6c69138665 https://images.squarespace-cdn.com/content/v1/6735a2587d39b002f317a6d5/1763709629008-S70BE87UZRKGNBMTEJHH/e060496b9b9847da6f27ab00452176d4"
"","99725b1b-68eb-448a-836e-3897fd65f031","","","","","","21351784833013226921","","","Size","23.6"" × 13.8""","","","","","","","","","","","22.57","0.00","No","Unlimited","","","0.0","0.0","0.0","0.0","",""
"68fdc45493b9d809fa27dcd3","e55a0a61-5724-421b-9582-dbb5afa27bb0","PHYSICAL","shop","inferno-x-booster-box","Pokemon Inferno X Booster Box - Japanese","<p style=""white-space:pre-wrap;"" data-rte-preserve-empty=""true""><strong><span>Each sealed </span><em>Japanese</em><span> Inferno X Booster Box contains 30 booster packs containing 5 random cards each.</span></strong><br><br>This item is a pre-order / weekly import product. Orders are placed every Thursday, arrive the following Monday, and ship within 24 hours. Limited U.S. stock may be available and will ship next business day if in hand.</p>","JP-INFX-BOX","","","","","","","","","","","","","","","245.99","1.00","No","0","/booster-box/japanese","Booster Box, Japanese, Inferno X, Mega Evolution","0.875","6.0","6.0","6.0","Yes","https://images.squarespace-cdn.com/content/v1/6735a2587d39b002f317a6d5/2a2aeddb-a314-4d84-a132-fa0c03b486e5/Inferno+X+Booster+Box.jpg"
"68fdd100f2b196065a7693fd","8efc12e2-f3c5-44a3-b36a-97edaed4eaf5","PHYSICAL","shop","mega-evolution-sleeved-booster-pack","Mega Evolution Sleeved Booster Pack - English","<p style=""white-space:pre-wrap;"" data-rte-preserve-empty=""true""><span>Each Mega Evolution sleeved booster pack contains 10 random cards.</span></p>","ENG-MEGA-PACK","","","","","","","","","","","","","","","7.99","6.99","No","0","/booster-pack/english","English","0.0","0.0","0.0","0.0","No","https://images.squarespace-cdn.com/content/v1/6735a2587d39b002f317a6d5/e963e59a-17f4-4e21-94b0-07af9ca42ff7/ME+sleeved+booster.jpg"
"690c4cd9b0c4a7226c503856","ab504c33-79af-45b9-ad4a-549bbda374f5","PHYSICAL","shop","poke6s-boring-booster","Poke6s' Boring Booster - English","<p style=""white-space:pre-wrap;"" data-rte-preserve-empty=""true"">💤 <strong>These are boring. And that’s the point.</strong></p><p style=""white-space:pre-wrap;"" data-rte-preserve-empty=""true"">This is a custom-sealed pack created by <strong>Poke6s</strong>, filled with 100% authentic Pokémon cards repackaged for collectors, players, and kids who just want to open some cards and have fun.</p><p style=""white-space:pre-wrap;"" data-rte-preserve-empty=""true"">You won't find secret rares, double rares, or “bangers” here. Just a satisfying rip with guaranteed value:</p><p style=""white-space:pre-wrap;"" data-rte-preserve-empty=""true""><strong>Each Boring Booster includes:</strong></p><ul data-rte-list=""true""><li><p style=""white-space:pre-wrap;"" data-rte-preserve-empty=""true"">🟡 20 Authentic Pokémon Cards</p></li><li><p style=""white-space:pre-wrap;"" data-rte-preserve-empty=""true"">⭐ 2 Rares (including Holos)</p></li><li><p style=""white-space:pre-wrap;"" data-rte-preserve-empty=""true"">✴️ 4 Reverse Holos</p></li><li><p style=""white-space:pre-wrap;"" data-rte-preserve-empty=""true"">🔋 4 Energies</p></li><li><p style=""white-space:pre-wrap;"" data-rte-preserve-empty=""true"">📦 The rest: Commons, Uncommons, and Trainers</p></li></ul><p style=""white-space:pre-wrap;"" data-rte-preserve-empty=""true"">That’s it. No hype. No hits. No scams.<br></p><p style=""white-space:pre-wrap;"" data-rte-preserve-empty=""true"">Great for binder fillers, card sorting, deck-building, and guilt-free rips. Just real cards for real collectors, and yeah, they’re kinda boring… but also kinda awesome.<br><br>🛑 NOT AN OFFICIAL BOOSTER PACK</p><p style=""white-space:pre-wrap;"" data-rte-preserve-empty=""true"">*Image may differ from actual packaging</p>","ENG-BORING-PACK","","","","","","","","","","","","","","","2.49","0.00","No","6","/other/boring-boosters, /other/gift-boxes, /other/ex-boxes, /booster-pack/english","English, Booster Pack","0.0","0.0","0.0","0.0","Yes","https://images.squarespace-cdn.com/content/v1/6735a2587d39b002f317a6d5/bb089388-6d54-4134-ab1c-97af6518c425/e5ed1ba1-a058-456f-bc6f-ed4b828cddce.png"
"691b9c502a89150293a2c492","0d709fd9-82a2-4c57-ab46-31671cd2a54e","PHYSICAL","shop","pokemon-mega-dream-ex-japanese","Pokemon Mega Dream Ex Booster Box - Japanese","<p style=""white-space:pre-wrap;"" data-rte-preserve-empty=""true"">MEGA Dream ex features stunning artwork, reimagined reprints, new secret rare cards, and High Class staples like <strong>reverse holo, nergy/Poké Ball patterns</strong>, <strong>Art Rares</strong>, and the chance at <strong>God Packs</strong>. With Mega Dragonite ex leading the set, it’s already one of the most anticipated year-end releases in the Japanese Pokémon lineup. Perfect for opening, collecting, or holding sealed as an investment.<br><br>Each sealed Japanese Mega Dream EX <span>Booster box has 10 Packs with 10 cards each. </span><br><br>This item is a pre-order / weekly import product. Orders are placed every Thursday, arrive the following Monday, and ship within 24 hours. Limited U.S. stock may be available and will ship next business day if in hand.<br></p>","JP-MD-BOX","","","","","","","","","","","","","","","152.99","94.99","No","Unlimited","/booster-box/japanese","Japanese, Booster Box, Sealed, Mega Evolutions, High Class Set, Collector, Mega Dream ex","0.67","6.0","6.0","6.0","Yes","https://images.squarespace-cdn.com/content/v1/6735a2587d39b002f317a6d5/eaa6155e-0592-480a-b6d7-c1604a7b6696/Untitled+design.png"
"691b9e2be199ac437e02d343","84e84a82-6cc4-441b-b2b0-08d31bea458a","PHYSICAL","shop","pokemon-mega-dream-ex-booster-pack-japanese","Pokemon Mega Dream Ex Booster Pack - Japanese","<p style=""white-space:pre-wrap;"" data-rte-preserve-empty=""true"">1 Booster Pack of White Flare (1 Pack, 10 Cards)</p>","JP-MD-PACK","","","","","","","","","","","","","","","12.99","11.99","No","100","/booster-pack/japanese","Japanese, Mega Dream ex","0.0","0.0","0.0","0.0","No","https://images.squarespace-cdn.com/content/v1/6735a2587d39b002f317a6d5/1ffaf2fc-e7f6-4dbf-928c-5a440fad4c06/Mega+Dream+Booster+Pack.png"
"692002c21e868c11c1100aff","72052915-6b40-4e96-94fa-49afc31331d7","PHYSICAL","shop","silver-tempest-sleeved-booster-packs","Silver Tempest Sleeved Booster Pack - (SWSH12) - English","<h2 style=""text-align: start; ; white-space:pre-wrap;"" data-rte-preserve-empty=""true""><strong>Product Details</strong></h2><ul data-rte-list=""true""><li><p style=""white-space:pre-wrap;"" data-rte-preserve-empty=""true""><strong>Card Text: </strong><span>Each Silver Tempest sleeved booster pack contains 10 random cards.</span></p></li></ul>","ENG-SILTEM-BP","","","","","","","","","","","","","","","11.99","11.99","No","10","/booster-pack/english","Booster Pack, Silver Tempest, Sword & Shield","0.0","0.0","0.0","0.0","Yes","https://images.squarespace-cdn.com/content/v1/6735a2587d39b002f317a6d5/693cef58-e68c-4c69-8a47-c28c5056d950/s-l1600.webp"
"69200e01934861772f5b293a","2f8cccf5-2c33-4d5e-95d0-7b2595940f80","PHYSICAL","shop","hits-card-display-stand-ideal-for-whatnot-live-streams","“Hits” Card Display Stand – Ideal for Whatnot & Live Streams","<p>Show off your best pulls in style. Designed with TCG streamers in mind, this display piece gives your newest hits a dedicated spotlight the moment they’re pulled. Whether you’re streaming live breaks, recording pack openings, or building hype for your community, this stand keeps your rare cards front-and-center with a clean, professional look.</p>
<p>Crafted from a sturdy hardboard panel with a stable plastic support, it locks together in seconds and breaks down just as easily for travel, events, or on-the-go streaming. The glossy finish brings out your branding and makes your hits pop on camera — perfect for Whatnot, TikTok, YouTube, or any live platform.</p>
<p><strong>Features</strong></p>
<p> </p>
<ul><li>
<p>Durable hardboard front with stable plastic support</p>
</li><li>
<p>Two-piece design for quick setup and portability</p>
</li><li>
<p>One-sided high-gloss print for crisp, vibrant visuals</p>
</li><li>
<p>Ideal for showcasing hits during live breaks, streams, and recordings</p>
</li><li>
<p>Sleek display for desks, streaming setups, and event tables</p>
</li></ul>","12010161619493299915","","","Size","2.8"" x 5.9""","Finish","Glossy","","","","","","","","","13.40","0.00","No","Unlimited","","","0.0","0.0","0.0","0.0","Yes","https://images.squarespace-cdn.com/content/v1/6735a2587d39b002f317a6d5/1763708420781-1IVCP8A8FBR6REY0M79H/9d197e8881d2ee104a89fd0702b1ec8a https://images.squarespace-cdn.com/content/v1/6735a2587d39b002f317a6d5/1763708424566-K0EZ7KRV014U2BKD8SNT/de59fa53958ec4f3f5f24847be716b84 https://images.squarespace-cdn.com/content/v1/6735a2587d39b002f317a6d5/1763708428709-NSBFFST0KJYNFB5FJ8EV/515c3b0593734abb059063b73dd64b2b"
"69200eae18ed673989f8ef18","cf8fdb2e-f6bc-4cb6-aacf-ff1236a26ba3","PHYSICAL","shop","tcg-card-sorting-streaming-mat","TCG Card Sorting & Streaming Mat","<p>Level up your battlestation with a custom desk mat made for true Trainers. Whether you&#39;re sorting bulk, sleeving your latest pulls, or ripping packs live on stream, this mat brings that perfect blend of style, comfort, and TCG energy to your setup.</p>
<p>Crafted from premium 3mm neoprene, it gives you a smooth, glide-friendly surface for your mouse — and a soft landing zone for your shiny hits. The anti-slip backing keeps the mat locked in place during intense battles or chaotic pack openings, while the stitched hem ensures it stays pristine through countless sessions of trading, storing, and showcasing your collection.</p>
<p>Pick your perfect size — <strong>12&#34; × 18&#34;</strong>, <strong>12&#34; × 22&#34;</strong>, or the big playmat-style <strong>32&#34; × 16&#34;</strong> — and transform your workspace into your personal Poké-lab.</p>

<p><strong>Features</strong></p>
<ul><li>
<p>Premium 100% neoprene</p>
</li><li>
<p>Anti-slip rubber backing</p>
</li><li>
<p>3mm thick for comfort and durability</p>
</li><li>
<p>Smooth surface for cards, sleeves, and top-loaders</p>
</li><li>
<p>Hemmed edges for long-lasting quality</p>
</li><li>
<p>Available in 3 Trainer-ready sizes</p>
</li><li>
<p>Perfect for collectors, streamers, and TCG players</p>
</li></ul>","50066160620354149384","","","Size","12"" × 18""","","","","","","","","","","","18.78","0.00","No","Unlimited","","","0.0","0.0","0.0","0.0","Yes","https://images.squarespace-cdn.com/content/v1/6735a2587d39b002f317a6d5/1763708594239-30RQD8015CJNBSP2H7RN/4549a810c06055975a27818ee06b2157 https://images.squarespace-cdn.com/content/v1/6735a2587d39b002f317a6d5/1763708604702-PVHTZPMAMHP9FIKGC9NX/e6222bc5705f376f73bb0d53e4f72037 https://images.squarespace-cdn.com/content/v1/6735a2587d39b002f317a6d5/1763708609094-N3WXIPDDTQ5ML6TVA7MK/49e522f129cecb740949c46645055be4 https://images.squarespace-cdn.com/content/v1/6735a2587d39b002f317a6d5/1763708613234-2XW3XZUMR2F5OOWI5FEN/5096164087ffaad91c26c7923d9d3292 https://images.squarespace-cdn.com/content/v1/6735a2587d39b002f317a6d5/1763708617663-7236AVSNC9TANUKSNUEO/d194a75b10386fd5c78d482e0eddb341 https://images.squarespace-cdn.com/content/v1/6735a2587d39b002f317a6d5/1763708621874-23FZNVQNO1KW52UMMI6A/9cf0d22c549606d77423c004f1618cc1 https://images.squarespace-cdn.com/content/v1/6735a2587d39b002f317a6d5/1763708626856-31BP3HFT0DIFSXFXGTQF/4aa4856efc54a8f872bbaba981bd0aeb https://images.squarespace-cdn.com/content/v1/6735a2587d39b002f317a6d5/1763708630773-6UDYN6901QF17HYEA5BB/e42a4e38debfafaab68cf89a71081d52 https://images.squarespace-cdn.com/content/v1/6735a2587d39b002f317a6d5/1763708634710-JDZVO8T9Q26ANKCR0EF2/0e24b063e7f9d880e4bd7a48d04145dd https://images.squarespace-cdn.com/content/v1/6735a2587d39b002f317a6d5/1763708639361-USLOU8Z58I2F54IQ2DMD/4408353b26a9fc7ea8877ee371c4e11e https://images.squarespace-cdn.com/content/v1/6735a2587d39b002f317a6d5/1763708644416-9FDWA7SQRPH9NUPDPHR0/3e382d62cc29440e64a409aca2616d4b"
"","0d20e725-f9fa-47df-87a9-4005fde60e9b","","","","","","33100992008729605320","","","Size","12"" × 22""","","","","","","","","","","","20.13","0.00","No","Unlimited","","","0.0","0.0","0.0","0.0","",""
"","b47547aa-218a-4d82-aa59-e6057933fd44","","","","","","17535257323609812278","","","Size","16"" × 32""","","","","","","","","","","","26.83","0.00","No","Unlimited","","","0.0","0.0","0.0","0.0","",""
"693681c8eddb8654172aa3a0","ad98ce8a-93c2-41f3-8853-90c86912d6f5","PHYSICAL","shop","phantasmal-flames-sleeved-booster-packs","Phantasmal Flames Sleeved Booster - English","<p style=""white-space:pre-wrap;"" data-rte-preserve-empty=""true""><strong><span>Each Phantasmal Flames sleeved booster pack contains 10 random cards.</span></strong></p>","EN-PF-SB","","","","","","","","","","","","","","","8.99","7.99","No","0","/booster-pack/english","English, Booster Pack, Phantasmal Flames","0.0","0.0","0.0","0.0","No","https://images.squarespace-cdn.com/content/v1/6735a2587d39b002f317a6d5/bf56a949-8167-4293-80ba-3c3407ce28b0/Phantasmal+Flames+Sleeved+Booster.png"
"693685112a3a87116bf6eae0","0718b90c-027e-4346-becc-2ae45d606171","PHYSICAL","shop","inferno-x-booster-pack","Pokemon Inferno X Booster Pack - Japanese","<p style=""white-space:pre-wrap;"" data-rte-preserve-empty=""true""><strong><span>Each </span><em>Japanese</em><span> Inferno X Booster Pack contains 5 random cards.</span></strong></p>","SQ0347863","","","","","","","","","","","","","","","3.49","2.49","Yes","20","/booster-pack/japanese","Japanese, Phantasmal Flames","0.0","0.0","0.0","0.0","No","https://images.squarespace-cdn.com/content/v1/6735a2587d39b002f317a6d5/ac4e5c67-aa25-4161-8bfe-8cc01f9e8786/Inferno+X+Booster+Pack.png"
"69368772e5a3a760915d8b68","fe60022e-31e4-4d25-8fbd-1c1692691651","PHYSICAL","shop","destined-rivals-booster-pack-art-set","Destined Rivals Booster Pack Art Set (4-Pack Set) - English","<p style=""white-space:pre-wrap;"" data-rte-preserve-empty=""true"">Complete your collection with the <strong>Destined Rivals Booster Pack Art Set</strong>, featuring <strong>all 4 official pack artworks</strong> from the Pokémon TCG Scarlet &amp; Violet era. This bundle includes one of each sleeved booster design, perfect for sealed collectors, display sets, and gift buyers who want something more unique than a single random pack.</p><p style=""white-space:pre-wrap;"" data-rte-preserve-empty=""true"">Each sealed English booster pack contains <strong>10 cards</strong>, including chances at powerful EX Pokémon, illustration rares, and top-tier chase pulls. Whether you’re opening them for hits or keeping them sealed for long-term collecting, this 4-pack art set adds premium value to any Pokémon TCG collection.</p><h3 style=""white-space:pre-wrap;"" data-rte-preserve-empty=""true""><strong>Included in this bundle:</strong></h3><ul data-rte-list=""true""><li><p style=""white-space:pre-wrap;"" data-rte-preserve-empty=""true"">4 official sleeved booster packs</p></li><li><p style=""white-space:pre-wrap;"" data-rte-preserve-empty=""true"">One of each unique artwork</p></li><li><p style=""white-space:pre-wrap;"" data-rte-preserve-empty=""true"">All packs factory-sealed and authentic</p></li><li><p style=""white-space:pre-wrap;"" data-rte-preserve-empty=""true"">From the Scarlet &amp; Violet: Destined Rivals (SV10) set</p></li></ul><h3 style=""white-space:pre-wrap;"" data-rte-preserve-empty=""true""><strong>Why collectors love art sets:</strong></h3><ul data-rte-list=""true""><li><p style=""white-space:pre-wrap;"" data-rte-preserve-empty=""true"">Perfect for sealed display</p></li><li><p style=""white-space:pre-wrap;"" data-rte-preserve-empty=""true"">Harder to find than random singles</p></li><li><p style=""white-space:pre-wrap;"" data-rte-preserve-empty=""true"">Extra value for sealed collectors</p></li><li><p style=""white-space:pre-wrap;"" data-rte-preserve-empty=""true"">Great for gifts and presentation</p></li></ul><p style=""white-space:pre-wrap;"" data-rte-preserve-empty=""true"">Fast shipping available, plus local pickup options in Salt Lake City.</p>","ENG-DR-ART","","","","","","","","","","","","","","","34.99","29.99","Yes","4","/booster-pack/english","English","0.0","0.0","0.0","0.0","Yes","https://images.squarespace-cdn.com/content/v1/6735a2587d39b002f317a6d5/652fe9cf-91be-410c-8a2c-09946bef32ea/Art+Set.jpg"
"693689b52a3a87116bf6ec41","155597f7-c2b2-4a1f-a5be-8e075e122f5b","PHYSICAL","shop","phantasmal-flames-sleeved-booster-pack-art-set","Phantasmal Flames Sleeved Booster Pack Art Set (4-Pack Complete Artwork Set) – English","<p style=""white-space:pre-wrap;"" data-rte-preserve-empty=""true"">A complete 4-pack art set of English Phantasmal Flames sleeved booster packs. Perfect for sealed collectors and display.</p>","ENG-PF-ART","","","","","","","","","","","","","","","38.99","0.00","No","0","/booster-pack/english","Phantasmal Flames","0.0","0.0","0.0","0.0","Yes","https://images.squarespace-cdn.com/content/v1/6735a2587d39b002f317a6d5/1f847837-459c-42ed-bb03-117e8948820c/Phantasmal+Flames+Sleeved+Booster+Art+Set.png"
"693e62ee26a87274e5503205","48003437-9514-46b5-bca3-c40563af36eb","PHYSICAL","shop","team-rocket-booster-box","Pokemon Glory of Team Rocket Booster Box - Japanese","<p style=""white-space:pre-wrap;"" data-rte-preserve-empty=""true"">Each sealed Japanese Glory of Team Rocket Booster Box contains 30 booster packs, each with 5 random Pokémon cards.</p>","JP-TR-BB","","","","","","","","","","","","","","","212.99","99.99","No","0","/booster-box/japanese","Japanese, Booster Box","0.89","6.0","6.0","6.0","No","https://images.squarespace-cdn.com/content/v1/6735a2587d39b002f317a6d5/530a7f51-64c9-405f-adb0-31a830e9205a/Glory+of+Team+Rocket+Booster+Box.png"
"693e6626144d875d2d94493e","2059fe8e-1481-4e87-abe6-1fb6008b77e9","PHYSICAL","shop","pokemon-terastal-festival-booster-box-japanese","Pokemon Terastal Festival Booster Box - Japanese","<p style=""white-space:pre-wrap;"" data-rte-preserve-empty=""true"">Each sealed Japanese Terastal Festival Booster Box contains 10 booster packs with random Pokémon cards.</p>","JP-TF-BB","","","","","","","","","","","","","","","112.99","112.99","No","2","/booster-box/japanese","Booster Box","0.67","6.0","6.0","6.0","Yes","https://images.squarespace-cdn.com/content/v1/6735a2587d39b002f317a6d5/687da9ad-0789-43c9-8cc8-1416257bd926/Terastal+Festival.png"
"693f9ba6666e1d5920742528","0eda2567-2d75-4167-84a1-2244a2749401","PHYSICAL","shop","black-bolt-booster-bundle","Pokemon Black Bolt Booster Bundle - English","<p style=""white-space:pre-wrap;"" data-rte-preserve-empty=""true"">Each booster bundle <span>includes six Scarlet &amp; Violet—Black Bolt booster packs.</span></p>","ENG-BB-BB","","","","","","","","","","","","","","","59.99","0.00","No","1","/booster-bundle, /booster-pack/english","English, Booster Bundle","0.625","6.0","6.0","6.0","Yes","https://images.squarespace-cdn.com/content/v1/6735a2587d39b002f317a6d5/6ba21d1d-5d8e-49fc-a0e1-4f70d5394a17/Black+Bolt+Booster+Bundle.png"
"693f9f7f666e1d59207426e9","73efea46-ec0c-4fcd-ace6-9a5b5bdb4607","PHYSICAL","shop","white-flare-booster-bundle","Pokemon White Flare Booster Bundle - English","<p style=""white-space:pre-wrap;"" data-rte-preserve-empty=""true"">Each White Flare Booster Bundle includes six sealed Scarlet &amp; Violet—White Flare booster packs.</p>","ENG-WF-BB","","","","","","","","","","","","","","","52.99","52.99","No","1","/booster-bundle, /booster-pack/english","","0.625","6.0","6.0","6.0","Yes","https://images.squarespace-cdn.com/content/v1/6735a2587d39b002f317a6d5/3329e121-4bba-4752-ab9c-9c00253f357e/White+Flare+Booster+Bundle.png"
"693fa04226a87274e5510d7c","3d5bb76d-c3ca-4bcf-897d-789b7e2c49e8","PHYSICAL","shop","surging-sparks-booster-bundle","Pokemon Surging Sparks Booster Bundle - English","<p style=""white-space:pre-wrap;"" data-rte-preserve-empty=""true"">Each Surging Sparks Booster Bundle includes six sealed Scarlet &amp; Violet—Surging Sparks booster packs.</p>","ENG-SS-BB","","","","","","","","","","","","","","","43.99","43.99","No","1","/booster-bundle, /booster-pack/english","Surging Sparks","0.0","0.0","0.0","0.0","Yes","https://images.squarespace-cdn.com/content/v1/6735a2587d39b002f317a6d5/adce99e0-cfc1-48ef-8868-aaf22c034b3c/Surging+Sparks+Booster+Bundle.png"
"693fa24a666e1d592074280e","79de973f-91eb-4d1d-bc59-33a2bca98048","PHYSICAL","shop","costco-surging-sparks-trainer-box-booster-bundle","Costco Pokémon Surging Sparks 2-Pack Trainer Box & Booster Bundle - English","<p style=""white-space:pre-wrap;"" data-rte-preserve-empty=""true"">This Costco exclusive bundle includes one Surging Sparks Elite Trainer Box and one Surging Sparks Booster Bundle.</p>","ENG-SS-Costco","","","","","","","","","","","","","","","139.99","0.00","No","4","/booster-bundle, /other, /elite-trainer-box, /booster-pack/english","Costco, Elite Trainer Box, Elite, Surging Sparks","0.0","0.0","0.0","0.0","No","https://images.squarespace-cdn.com/content/v1/6735a2587d39b002f317a6d5/63d22ef0-4664-4770-8181-f7960c01746d/Costco+Surging+Sparks+2+pack.png"
"693fa47a144d875d2d952405","09270b9b-b658-40da-a8cd-cc7e984fc812","PHYSICAL","shop","surging-sparks-elite-trainer-box","Pokemon Surging Sparks Elite Trainer Box - English","<p style=""white-space:pre-wrap;"" data-rte-preserve-empty=""true"">Each Surging Sparks Elite Trainer Box includes 9 booster packs and official Pokémon TCG accessories.</p>","ENG-SS-ETB","","","","","","","","","","","","","","","89.99","74.99","No","0","/elite-trainer-box, /booster-pack/english","Surging Sparks, Elite, Elite Trainer Box","0.0","0.0","0.0","0.0","No","https://images.squarespace-cdn.com/content/v1/6735a2587d39b002f317a6d5/f8fe549c-2e54-4232-940a-6456e9358924/Surging+Sparks+ETB.png https://images.squarespace-cdn.com/content/v1/6735a2587d39b002f317a6d5/7e964463-7cf3-4289-88db-21c4a0a4b4a8/Surging+Sparks+ETB+Contents.png"
"693fa6a029c67336a9b6446f","cbeecd97-2f57-4e04-8133-048929598e63","PHYSICAL","shop","twilight-masquerade-elite-trainer-box","Pokemon Twilight Masquerade Elite Trainer Box - English","","ENG-TM-ETB","","","","","","","","","","","","","","","81.99","0.00","No","0","/elite-trainer-box, /booster-pack/english","Elite, Elite Trainer Box","0.0","0.0","0.0","0.0","No","https://images.squarespace-cdn.com/content/v1/6735a2587d39b002f317a6d5/518872f9-f349-4f7c-aa46-295e48dbae21/Twilight+Masquerade+ETB.png https://images.squarespace-cdn.com/content/v1/6735a2587d39b002f317a6d5/ed213192-f61c-455f-8a69-c250c4d8df8e/Twilight+Masquerade+ETB+contents.png"
"693fae4029c67336a9b647e9","222cb790-453b-489e-9bd9-ee81f7d3c3ca","PHYSICAL","shop","houndstone-ex-box","Pokemon Houndstone ex Box - English","<p style=""white-space:pre-wrap;"" data-rte-preserve-empty=""true"">Each Houndstone ex Box includes one Houndstone ex promo card, one Greavard foil card, four Pokémon TCG booster packs, and accessories.</p>","ENG-HOUNDex-MCAP","","","","","","","","","","","","","","","32.99","0.00","No","1","/other/ex-boxes, /booster-pack/english","","0.0","0.0","0.0","0.0","Yes","https://images.squarespace-cdn.com/content/v1/6735a2587d39b002f317a6d5/6e6b6531-5d1b-498a-b572-20f3e57f4c66/Houndstone+ex+Box.png https://images.squarespace-cdn.com/content/v1/6735a2587d39b002f317a6d5/112effa2-65ba-4e18-8d9d-9aee51a2de3d/Houndstone+back.png https://images.squarespace-cdn.com/content/v1/6735a2587d39b002f317a6d5/ed2cbaeb-407f-42dc-8313-d9c18b6782b8/Houndstone+side.png"
"693fbc5b26a87274e55118a3","13177504-a994-42e7-adea-236c02297726","PHYSICAL","shop","reshiram-ex-box","Pokemon Reshiram ex Box - English","<p style=""white-space:pre-wrap;"" data-rte-preserve-empty=""true"">Each Reshiram ex Box includes two Reshiram promo cards, four Pokémon TCG booster packs, and accessories.</p>","ENG-RESHex-MCAP","","","","","","","","","","","","","","","29.99","0.00","No","0","/other/ex-boxes, /booster-pack/english","","0.0","0.0","0.0","0.0","No","https://images.squarespace-cdn.com/content/v1/6735a2587d39b002f317a6d5/18947b9f-52fb-47f1-979b-8ce9104d929c/Reshiram+Front.png https://images.squarespace-cdn.com/content/v1/6735a2587d39b002f317a6d5/33d7c8bc-ff04-4109-abf2-b74f3b775f6a/Reshiram+Back.png https://images.squarespace-cdn.com/content/v1/6735a2587d39b002f317a6d5/c3fce7fd-89e5-4e06-a571-05e782c55a5d/reshiram+side.png"
"693fc2345952ed64469a6d9c","8caa97ec-e034-4f5d-ac59-4d65ed430945","PHYSICAL","shop","black-kyurem-ex-box","Pokemon Black Kyurem ex - English","<p style=""white-space:pre-wrap;"" data-rte-preserve-empty=""true"">Each Black Kyurem ex Box includes two promo cards, four Pokémon TCG booster packs, and accessories.</p>","ENG-BLKYUec-MCAP","","","","","","","","","","","","","","","29.99","0.00","No","1","/other/ex-boxes, /booster-pack/english","","0.0","0.0","0.0","0.0","Yes","https://images.squarespace-cdn.com/content/v1/6735a2587d39b002f317a6d5/63b05ce2-4287-4c7f-aae8-83e0f7534154/Black+Kyurem+front.png https://images.squarespace-cdn.com/content/v1/6735a2587d39b002f317a6d5/83beef84-5211-4b13-9e3d-83f7b78b45a3/Black+Kyurem+back.png https://images.squarespace-cdn.com/content/v1/6735a2587d39b002f317a6d5/1ae7ef4f-5217-4aad-8703-c0acbd74e5f5/Black+Kyurem+Side.png"
"693fc437144d875d2d952f6e","5bbddc3d-8535-4e8b-8111-7d0c25a3047f","PHYSICAL","shop","melmetal-ex-box","Pokemon Melmetal ex Box - English","<p style=""white-space:pre-wrap;"" data-rte-preserve-empty=""true"">Each Melmetal ex Box includes two promo cards and four Pokémon TCG booster packs.</p>","ENG-MELex-MCAP","","","","","","","","","","","","","","","29.99","0.00","No","1","/other/ex-boxes, /booster-pack/english","","0.0","0.0","0.0","0.0","Yes","https://images.squarespace-cdn.com/content/v1/6735a2587d39b002f317a6d5/00846992-484a-4bb1-af77-2f5231d644e1/Melmetal+front.png https://images.squarespace-cdn.com/content/v1/6735a2587d39b002f317a6d5/6684a19a-ac43-43d6-9c9b-78deed7818ee/Melmetal+back.png https://images.squarespace-cdn.com/content/v1/6735a2587d39b002f317a6d5/de91f4f3-b1c3-45ec-aa07-7d2796a3d969/Melmetal+side.png"
"693fc4e7666e1d592074351a","953fbe08-4b09-430a-a1fc-c9bcefc190e1","PHYSICAL","shop","archaludon-ex-box","Pokemon Archaludon ex Box - English","<p style=""white-space:pre-wrap;"" data-rte-preserve-empty=""true"">Each Archaludon ex Box includes two promo cards, four Pokémon TCG booster packs, and accessories.</p>","ENG-ARCHex-MCAP","","","","","","","","","","","","","","","29.99","0.00","No","1","/other/ex-boxes, /booster-pack/english","","0.0","0.0","0.0","0.0","Yes","https://images.squarespace-cdn.com/content/v1/6735a2587d39b002f317a6d5/01b12597-d501-477b-84cd-03872c7b7f6d/Archaludon+Front.png https://images.squarespace-cdn.com/content/v1/6735a2587d39b002f317a6d5/fd8c6d10-d5d6-4686-8e38-3ca9922be528/archaludon+back.png https://images.squarespace-cdn.com/content/v1/6735a2587d39b002f317a6d5/36a9e495-1838-479d-a5e5-36410b0ed9d3/Archaludon+side.png"
"693fc719144d875d2d95303e","1f614dd4-e945-4182-905e-4b15643d2e9c","PHYSICAL","shop","mega-latias-ex-box","Pokemon Mega Latias ex Box - English","<p style=""white-space:pre-wrap;"" data-rte-preserve-empty=""true"">Each Mega Latias ex Box includes one Mega Latias ex promo card, one oversize promo card, and four Pokémon TCG booster packs.</p>","ENG-MEGLATex-MCAP","","","","","","","","","","","","","","","31.99","0.00","No","1","/other/ex-boxes, /booster-pack/english","","0.0","0.0","0.0","0.0","Yes","https://images.squarespace-cdn.com/content/v1/6735a2587d39b002f317a6d5/3f396a55-00a9-47b3-9909-fb35b3b76a3b/Mega+Latias+Front.png https://images.squarespace-cdn.com/content/v1/6735a2587d39b002f317a6d5/36bd2d19-3cfc-4d5e-9f6f-b5c094b56722/Mega+Latia+back.png https://images.squarespace-cdn.com/content/v1/6735a2587d39b002f317a6d5/2dd68cd2-71cd-413a-916f-1d0e33d95f60/Mega+Latias+side.png"
"694251457246ca47cfb6f06e","2351f55c-cefe-4309-8e31-4c00ec1af3d5","PHYSICAL","shop","phantasmal-flames-booster-bundle","Pokemon Phantasmal Flames Booster Bundle - English","<p style=""white-space:pre-wrap;"" data-rte-preserve-empty=""true"">Each Phantasmal Flames Booster Bundle includes six sealed Mega Evolution—Phantasmal Flames booster packs.</p>","ENG-PF-BB","","","","","","","","","","","","","","","60.99","42.99","No","0","/booster-bundle, /booster-pack/english","Phantasmal Flames","0.0","0.0","0.0","0.0","No","https://images.squarespace-cdn.com/content/v1/6735a2587d39b002f317a6d5/25825929-4199-40ba-8489-9407a15e4331/Phantasmal+Flames+Booster+Bundle.png"
"69466ce28e035c2d44db0aaa","02ab5617-2bee-4330-be13-a52e860fe19e","PHYSICAL","shop","violet-ex-booster-box","Pokemon Violet ex Booster Box - Japanese","<p>Each sealed Japanese Violet ex Booster Box contains 30 booster packs containing 5 random cards each.</p><p>This item is a pre-order / weekly import product. Orders are placed every Thursday, arrive the following Monday, and ship within 24 hours. Limited U.S. stock may be available and will ship next business day if in hand.</p>","JP-V-BOX","","","","","","","","","","","","","","","109.99","71.99","No","Unlimited","/booster-box/japanese","Japanese, Japan Import, Authentic, Factory Sealed, Shrink, Scarlet & Violet, SV, 30 Packs per Box, 5 Cards per Pack, Ripping, Streamer Friendly, Collector, Chase","0.0","6.0","6.0","6.0","No","https://images.squarespace-cdn.com/content/v1/6735a2587d39b002f317a6d5/be66c135-429b-40f9-a6b6-fee17d8d1327/Violet+ex.png"
"69466ce28e035c2d44db0aab","c85ce816-36c6-4c99-aa36-9240e2b1b7e1","PHYSICAL","shop","scarlet-ex-booster-box","Pokemon Scarlet ex Booster Box - Japanese","<p style=""white-space:pre-wrap;"" data-rte-preserve-empty=""true"">Each sealed Japanese Scarlet ex Booster Box contains 30 booster packs containing 5 random cards each.</p><p style=""white-space:pre-wrap;"" data-rte-preserve-empty=""true"">This item is a pre-order / weekly import product. Orders are placed every Thursday, arrive the following Monday, and ship within 24 hours. Limited U.S. stock may be available and will ship next business day if in hand.</p>","JP-S-BOX","","","","","","","","","","","","","","","77.99","76.99","No","Unlimited","/booster-box/japanese","Japanese, Japan Import, Authentic, Factory Sealed, Shrink, Scarlet & Violet, SV, 30 Packs per Box, 5 Cards per Pack, Ripping, Streamer Friendly, Collector, Chase","0.0","6.0","6.0","6.0","No","https://images.squarespace-cdn.com/content/v1/6735a2587d39b002f317a6d5/65a6fc79-f99f-48a2-9b0c-6a0e19a0cb10/Scarlet+ex.png"
"69466ce39e309b73747de4df","5ad482ed-cd33-4fc4-bb83-64379f5bb55c","PHYSICAL","shop","triple-beat-booster-box","Pokemon Triple Beat Booster Box - Japanese","<p style=""white-space:pre-wrap;"" data-rte-preserve-empty=""true"">Each sealed Japanese Scarlet ex Booster Box contains 30 booster packs containing 5 random cards each.</p><p style=""white-space:pre-wrap;"" data-rte-preserve-empty=""true"">This item is a pre-order / weekly import product. Orders are placed every Thursday, arrive the following Monday, and ship within 24 hours. Limited U.S. stock may be available and will ship next business day if in hand.</p>","JP-TB-BOX","","","","","","","","","","","","","","","161.99","100.99","No","Unlimited","/booster-box/japanese","Japanese, Japan Import, Authentic, Factory Sealed, Shrink, Scarlet & Violet, SV, 30 Packs per Box, 5 Cards per Pack, Ripping, Streamer Friendly, Collector, Chase","0.0","6.0","6.0","6.0","No","https://images.squarespace-cdn.com/content/v1/6735a2587d39b002f317a6d5/f7c25947-1908-4617-84e0-4aaa3f33edc5/Triple+Beat.png"
"69466ce49e309b73747de4e0","75c20136-093d-4eda-bf38-92213af8e828","PHYSICAL","shop","snow-hazard-booster-box","Pokemon Snow Hazard Booster Box - Japanese","<p style=""white-space:pre-wrap;"" data-rte-preserve-empty=""true"">Each sealed Japanese Snow Hazard Booster Box contains 30 booster packs containing 5 random cards each.</p><p style=""white-space:pre-wrap;"" data-rte-preserve-empty=""true"">This item is a pre-order / weekly import product. Orders are placed every Thursday, arrive the following Monday, and ship within 24 hours. Limited U.S. stock may be available and will ship next business day if in hand.</p>","JP-SH-BOX","","","","","","","","","","","","","","","70.99","69.99","No","Unlimited","/booster-box/japanese","Japanese, Japan Import, Authentic, Factory Sealed, Shrink, Scarlet & Violet, SV, 30 Packs per Box, 5 Cards per Pack, Ripping, Streamer Friendly, Collector, Chase","0.875","6.0","6.0","6.0","No","https://images.squarespace-cdn.com/content/v1/6735a2587d39b002f317a6d5/d0e503d7-17b8-4207-999f-148e6348e3a0/Snow+Hazard.png"
"69466ce58e035c2d44db0aac","7b7fc619-b0a4-4bf2-99d7-2333b9878f2f","PHYSICAL","shop","vstar-universe-booster-box","Pokemon VSTAR Universe Booster Box - Japanese","<p style=""white-space:pre-wrap;"" data-rte-preserve-empty=""true"">Each sealed Japanese VSTAR Universe Booster Box contains 10 booster packs containing 10 random cards each.</p><p style=""white-space:pre-wrap;"" data-rte-preserve-empty=""true"">This item is a pre-order / weekly import product. Orders are placed every Thursday, arrive the following Monday, and ship within 24 hours. Limited U.S. stock may be available and will ship next business day if in hand.</p>","JP-VSTAR-BOX","","","","","","","","","","","","","","","244.99","144.99","No","Unlimited","/booster-box/japanese","Japanese, Japan Import, Authentic, Factory Sealed, Shrink, 10 Packs per Box, 10 Cards per Pack, Ripping, Streamer Friendly, Collector, Chase, Sword & Shield","0.0","6.0","6.0","6.0","No","https://images.squarespace-cdn.com/content/v1/6735a2587d39b002f317a6d5/7c9688e6-1ee9-4ec6-8688-aa07e3d2b333/VSTAR.png"
"69466ce618bbbd208c4d7eec","70020749-cec5-4656-afc1-a8b8065da1d1","PHYSICAL","shop","ruler-of-the-black-flame-booster-box","Pokemon Ruler of the Black Flame Booster Box - Japanese","<p style=""white-space:pre-wrap;"" data-rte-preserve-empty=""true"">Each sealed Japanese Ruler of the Black Flame Booster Box contains 30 booster packs of 5 random cards each.</p><p style=""white-space:pre-wrap;"" data-rte-preserve-empty=""true"">This item is a pre-order / weekly import product. Orders are placed every Thursday, arrive the following Monday, and ship within 24 hours. Limited U.S. stock may be available and will ship next business day if in hand.</p>","JP-RBF-BOX","","","","","","","","","","","","","","","103.99","103.99","No","Unlimited","/booster-box/japanese","Japanese, Japan Import, Authentic, Factory Sealed, Shrink, Scarlet & Violet, SV, 30 Packs per Box, 5 Cards per Pack, Ripping, Streamer Friendly, Collector, Chase","0.0","6.0","6.0","6.0","No","https://images.squarespace-cdn.com/content/v1/6735a2587d39b002f317a6d5/64262e97-193e-484c-9497-300c14c103b0/RBF.png"
"69466ce69e309b73747de4e1","00617550-4201-417e-9c00-1c5cefe0c72f","PHYSICAL","shop","raging-surf-booster-box","Pokemon Raging Surf Booster Box - Japanese","<p style=""white-space:pre-wrap;"" data-rte-preserve-empty=""true"">Each sealed Japanese Raging Surf Booster Box contains 30 booster packs of 5 random cards each.</p><p style=""white-space:pre-wrap;"" data-rte-preserve-empty=""true"">This item is a pre-order / weekly import product. Orders are placed every Thursday, arrive the following Monday, and ship within 24 hours. Limited U.S. stock may be available and will ship next business day if in hand.</p>","JP-RS-BOX","","","","","","","","","","","","","","","134.99","89.99","No","Unlimited","/booster-box/japanese","Japanese, Japan Import, Authentic, Factory Sealed, Shrink, Scarlet & Violet, SV, 30 Packs per Box, 5 Cards per Pack, Ripping, Streamer Friendly, Collector, Chase","0.0","6.0","6.0","6.0","No","https://images.squarespace-cdn.com/content/v1/6735a2587d39b002f317a6d5/2f2d4395-51e9-4b6a-970a-a24382f17f7a/Ragiong+Surf.png"
"69466ce73f4b3e6c55d73be6","2deb797c-1ec8-4bb2-a10f-eb8e90a92fb6","PHYSICAL","shop","future-flash-booster-box","Pokemon Future Flash Booster Box - Japanese","<p style=""white-space:pre-wrap;"" data-rte-preserve-empty=""true"">Each Japanese Future Flash Booster Box contains 30 booster packs containing 5 random cards each.</p><p style=""white-space:pre-wrap;"" data-rte-preserve-empty=""true"">This item is a pre-order / weekly import product. Orders are placed every Thursday, arrive the following Monday, and ship within 24 hours. Limited U.S. stock may be available and will ship next business day if in hand.</p>","JP-FF-BOX","","","","","","","","","","","","","","","109.99","64.99","No","Unlimited","/booster-box/japanese","Japanese, Japan Import, Authentic, Factory Sealed, Shrink, Scarlet & Violet, SV, 30 Packs per Box, 5 Cards per Pack, Ripping, Streamer Friendly, Collector, Chase","0.0","6.0","6.0","6.0","No","https://images.squarespace-cdn.com/content/v1/6735a2587d39b002f317a6d5/831592e3-d3de-4df3-b106-3aa4272e8e02/future+flash.png"
"69466ce83f4b3e6c55d73be7","f5267c15-2e0e-4630-92df-34dc79261b2f","PHYSICAL","shop","ancient-roar-booster-box","Pokemon Ancient Roar Booster Box - Japanese","<p style=""white-space:pre-wrap;"" data-rte-preserve-empty=""true"">Each Japanese Ancient Roar Booster Box contains 30 booster packs containing 5 random cards each.</p><p style=""white-space:pre-wrap;"" data-rte-preserve-empty=""true"">This item is a pre-order / weekly import product. Orders are placed every Thursday, arrive the following Monday, and ship within 24 hours. Limited U.S. stock may be available and will ship next business day if in hand.</p>","JP-AR-BOX","","","","","","","","","","","","","","","113.99","64.99","No","Unlimited","/booster-box/japanese","Japanese, Japan Import, Authentic, Factory Sealed, Shrink, Scarlet & Violet, SV, 30 Packs per Box, 5 Cards per Pack, Ripping, Streamer Friendly, Collector, Chase","0.0","6.0","6.0","6.0","No","https://images.squarespace-cdn.com/content/v1/6735a2587d39b002f317a6d5/bc6c4efd-14e3-461e-919d-b6dae25e76d9/Ancient+Roar.png"
"69466ce99e309b73747de4e2","1ea2d64b-026a-49cf-ba32-15f5b0e23918","PHYSICAL","shop","cyber-judge-booster-box","Pokemon Cyber Judge Booster Box - Japanese","<p style=""white-space:pre-wrap;"" data-rte-preserve-empty=""true"">Each Japanese Cyber Judge Booster Box contains 30 booster packs containing 5 random cards each.</p><p style=""white-space:pre-wrap;"" data-rte-preserve-empty=""true"">This item is a pre-order / weekly import product. Orders are placed every Thursday, arrive the following Monday, and ship within 24 hours. Limited U.S. stock may be available and will ship next business day if in hand.</p>","JP-CJ-BOX","","","","","","","","","","","","","","","109.99","64.99","No","Unlimited","/booster-box/japanese","Japanese, Japan Import, Authentic, Factory Sealed, Shrink, Scarlet & Violet, SV, 30 Packs per Box, 5 Cards per Pack, Ripping, Streamer Friendly, Collector, Chase","0.0","6.0","6.0","6.0","No","https://images.squarespace-cdn.com/content/v1/6735a2587d39b002f317a6d5/ee1735a9-77af-49a0-9dad-e39e5e140497/Cyber+Judge.png"
"69466cea8e035c2d44db0aae","421acfd2-8191-4a68-be5c-27a454063447","PHYSICAL","shop","wild-force-booster-box","Pokemon Wild Force Booster Box - Japanese","<p style=""white-space:pre-wrap;"" data-rte-preserve-empty=""true"">Each Japanese Wild Force Booster Box contains 30 booster packs containing 5 random cards each.</p><p style=""white-space:pre-wrap;"" data-rte-preserve-empty=""true"">This item is a pre-order / weekly import product. Orders are placed every Thursday, arrive the following Monday, and ship within 24 hours. Limited U.S. stock may be available and will ship next business day if in hand.</p>","JP-WIFO-BOX","","","","","","","","","","","","","","","125.99","68.99","No","Unlimited","/booster-box/japanese","Japanese, Japan Import, Authentic, Factory Sealed, Shrink, Scarlet & Violet, SV, 30 Packs per Box, 5 Cards per Pack, Ripping, Streamer Friendly, Collector, Chase","0.0","6.0","6.0","6.0","Yes","https://images.squarespace-cdn.com/content/v1/6735a2587d39b002f317a6d5/d3080232-6111-4c47-b1fd-fe508741f292/Wild+Force.png"
"69466cea3f4b3e6c55d73be8","dede3438-4c31-4885-b25e-8d92766747cd","PHYSICAL","shop","crimson-haze-booster-box","Pokemon Crimson Haze Booster Box - Japanese","<p style=""white-space:pre-wrap;"" data-rte-preserve-empty=""true"">Each Japanese Crimson Haze Booster Box contains 30 booster packs containing 5 random cards each.</p><p style=""white-space:pre-wrap;"" data-rte-preserve-empty=""true"">This item is a pre-order / weekly import product. Orders are placed every Thursday, arrive the following Monday, and ship within 24 hours. Limited U.S. stock may be available and will ship next business day if in hand.</p>","JP-CH-BOX","","","","","","","","","","","","","","","156.99","81.99","No","Unlimited","/booster-box/japanese","Japanese, Japan Import, Authentic, Factory Sealed, Shrink, Scarlet & Violet, SV, 30 Packs per Box, 5 Cards per Pack, Ripping, Streamer Friendly, Collector, Chase","0.0","6.0","6.0","6.0","No","https://images.squarespace-cdn.com/content/v1/6735a2587d39b002f317a6d5/28f6fcb4-36c7-43f3-8f46-75263ca06396/Crimson+Haze.png"
"69466ceb8e035c2d44db0aaf","1d12a085-b9be-4e6d-9269-8aa6ef7c11e0","PHYSICAL","shop","transformation-mask-booster-box","Pokemon Transformation Mask Booster Box - Japanese","<p style=""white-space:pre-wrap;"" data-rte-preserve-empty=""true"">Each Japanese Transformation Mask Booster Box contains 30 booster packs containing 5 random cards each.</p><p style=""white-space:pre-wrap;"" data-rte-preserve-empty=""true"">This item is a pre-order / weekly import product. Orders are placed every Thursday, arrive the following Monday, and ship within 24 hours. Limited U.S. stock may be available and will ship next business day if in hand.</p>","JP-TM-BOX","","","","","","","","","","","","","","","132.99","66.99","No","Unlimited","/booster-box/japanese","Japanese, Japan Import, Authentic, Factory Sealed, Shrink, Scarlet & Violet, SV, 30 Packs per Box, 5 Cards per Pack, Ripping, Streamer Friendly, Collector, Chase","0.0","6.0","6.0","6.0","No","https://images.squarespace-cdn.com/content/v1/6735a2587d39b002f317a6d5/91d8f4d3-ba1e-4694-99e1-18963c9fcdc4/Transformation+Mask.png"
"69466cec8e035c2d44db0ab0","d5d458db-9753-418d-b9f8-243f350eb4f0","PHYSICAL","shop","night-wanderer-booster-box","Pokemon Night Wanderer Booster Box - Japanese","<p style=""white-space:pre-wrap;"" data-rte-preserve-empty=""true"">Each Japanese Night Wanderer Booster Box contains 30 booster packs containing 5 random cards each.</p><p style=""white-space:pre-wrap;"" data-rte-preserve-empty=""true"">This item is a pre-order / weekly import product. Orders are placed every Thursday, arrive the following Monday, and ship within 24 hours. Limited U.S. stock may be available and will ship next business day if in hand.</p>","JP-NW-BOX","","","","","","","","","","","","","","","111.99","64.99","No","Unlimited","/booster-box/japanese","Japanese, Japan Import, Authentic, Factory Sealed, Shrink, Scarlet & Violet, SV, 30 Packs per Box, 5 Cards per Pack, Ripping, Streamer Friendly, Collector, Chase","0.0","6.0","6.0","6.0","No","https://images.squarespace-cdn.com/content/v1/6735a2587d39b002f317a6d5/aa131ac5-58dc-431f-9517-ac29da8ef225/Night+Wanderer.png"
"69466ced3f4b3e6c55d73beb","75694ecb-fbcd-4f9b-9bf0-a4d86adbc928","PHYSICAL","shop","stellar-miracle-booster-box","Pokemon Stellar Miracle Booster Box - Japanese","<p style=""white-space:pre-wrap;"" data-rte-preserve-empty=""true"">Each Japanese Stella Miracle Booster Box contains 30 booster packs containing 5 random cards each.</p><p style=""white-space:pre-wrap;"" data-rte-preserve-empty=""true"">This item is a pre-order / weekly import product. Orders are placed every Thursday, arrive the following Monday, and ship within 24 hours. Limited U.S. stock may be available and will ship next business day if in hand.</p>","JP-SM-BOX","","","","","","","","","","","","","","","111.99","0.99","No","Unlimited","/booster-box/japanese","Japanese, Japan Import, Authentic, Factory Sealed, Shrink, Scarlet & Violet, SV, 30 Packs per Box, 5 Cards per Pack, Ripping, Streamer Friendly, Collector, Chase","0.0","6.0","6.0","6.0","No","https://images.squarespace-cdn.com/content/v1/6735a2587d39b002f317a6d5/e4ca19f1-7d19-45ed-bd14-b5b006703353/Stellar+Miracle.png"
"69466ced9e309b73747de4e3","7befb4b0-a43f-49cb-b626-2674a2f1337e","PHYSICAL","shop","paradise-dragona-booster-box","Pokemon Paradise Dragona Booster Box - Japanese","<p style=""white-space:pre-wrap;"" data-rte-preserve-empty=""true"">Each Japanese Paradise Dragona Booster Box contains 30 booster packs containing 5 random cards each.</p><p style=""white-space:pre-wrap;"" data-rte-preserve-empty=""true"">This item is a pre-order / weekly import product. Orders are placed every Thursday, arrive the following Monday, and ship within 24 hours. Limited U.S. stock may be available and will ship next business day if in hand.</p>","JP-PD-BOX","","","","","","","","","","","","","","","79.99","79.99","No","Unlimited","/booster-box/japanese","Japanese, Japan Import, Authentic, Factory Sealed, Shrink, Scarlet & Violet, SV, 30 Packs per Box, 5 Cards per Pack, Ripping, Streamer Friendly, Collector, Chase","0.0","6.0","6.0","6.0","No","https://images.squarespace-cdn.com/content/v1/6735a2587d39b002f317a6d5/e0c57ede-a80a-4c33-b5c0-4f47bcea2b3f/Paradise+Dragona.png"
"69466cee18bbbd208c4d7eed","b66e9b25-057d-42c8-a6d5-19c82e37ea1f","PHYSICAL","shop","super-electric-breaker-booster-box","Pokemon Super Electric Breaker Booster Box - Japanese","<p style=""white-space:pre-wrap;"" data-rte-preserve-empty=""true"">Each Japanese Super Electric Breaker Booster Box contains 30 booster packs containing 5 random cards each.</p><p style=""white-space:pre-wrap;"" data-rte-preserve-empty=""true"">This item is a pre-order / weekly import product. Orders are placed every Thursday, arrive the following Monday, and ship within 24 hours. Limited U.S. stock may be available and will ship next business day if in hand.</p>","JP-SEB-BOX","","","","","","","","","","","","","","","288.99","124.99","No","Unlimited","/booster-box/japanese","Japanese, Japan Import, Authentic, Factory Sealed, Shrink, Scarlet & Violet, SV, 30 Packs per Box, 5 Cards per Pack, Ripping, Streamer Friendly, Collector, Chase","0.0","6.0","6.0","6.0","No","https://images.squarespace-cdn.com/content/v1/6735a2587d39b002f317a6d5/8f426dca-1736-4f06-b7a3-6731b18881a4/Super+Electric+Breaker.png"
"69466cef9e309b73747de4e4","192f7a49-35c2-4480-859e-87e58b0b04d9","PHYSICAL","shop","battle-partners-booster-box","Pokemon Battle Partners Booster Box - Japanese","<p style=""white-space:pre-wrap;"" data-rte-preserve-empty=""true"">Each Japanese Battle Partners Booster Box contains 30 booster packs containing 5 random cards each.</p><p style=""white-space:pre-wrap;"" data-rte-preserve-empty=""true"">This item is a pre-order / weekly import product. Orders are placed every Thursday, arrive the following Monday, and ship within 24 hours. Limited U.S. stock may be available and will ship next business day if in hand.</p>","JP-BP-BOX","","","","","","","","","","","","","","","111.99","74.99","No","Unlimited","/booster-box/japanese","Japanese, Japan Import, Authentic, Factory Sealed, Shrink, Scarlet & Violet, SV, 30 Packs per Box, 5 Cards per Pack, Ripping, Streamer Friendly, Collector, Chase","0.0","6.0","6.0","6.0","No","https://images.squarespace-cdn.com/content/v1/6735a2587d39b002f317a6d5/68b8ec2f-e7ac-4525-839b-a021aeba2950/Battle+Partners.png"
"69466cf018bbbd208c4d7eee","b7f8c87b-9c39-474f-9834-900005d9e7b3","PHYSICAL","shop","heat-wave-arena-booster-box","Pokemon Heat Wave Arena Booster Box - Japanese","<p>Each�Japanese�Heat Wave Arena Booster Box contains 30 booster packs containing 5 random cards each.</p><p>This item is a pre-order / weekly import product. Orders are placed every Thursday, arrive the following Monday, and ship within 24 hours. Limited U.S. stock may be available and will ship next business day if in hand.</p>","JP-HWA-BOX","","","","","","","","","","","","","","","189.99","94.99","No","Unlimited","/booster-box/japanese","Japanese, Japan Import, Authentic, Factory Sealed, Shrink, Scarlet & Violet, SV, 30 Packs per Box, 5 Cards per Pack, Ripping, Streamer Friendly, Collector, Chase","0.0","6.0","6.0","6.0","No","https://images.squarespace-cdn.com/content/v1/6735a2587d39b002f317a6d5/b7072263-263c-4da9-9976-14ba294bef3f/Heat+Wave.png"
"69466cf13f4b3e6c55d73bec","508b57ee-dd4f-4afc-b8f3-37f4c114b885","PHYSICAL","shop","japanese-ar-bulk-100-cards","Pokemon Japanese AR Bulk (100 Cards) - Japanese","","JP-AR-BULK","","","","","","","","","","","","","","","201.47","196.47","Yes","Unlimited","/singles/japanese","","0.0","6.0","6.0","6.0","No","https://images.squarespace-cdn.com/content/v1/6735a2587d39b002f317a6d5/5e4d3803-3ffc-457b-8d36-a83033bcf0b8/Art+Rare.png"
"69466cf28e035c2d44db0ab2","5e324e95-a222-4390-9b5e-ee9539d011bc","PHYSICAL","shop","japanese-sr-bulk-100-cards","Pokemon Japanese SR Bulk (100 Cards) - Japanese","<p style=""white-space:pre-wrap;"" data-rte-preserve-empty=""true"">Cards Pictures not guaranteed to be included - 100 Random Secret Rares (100 Cards)</p>","JP-SR-BULK","","","","","","","","","","","","","","","296.77","291.77","Yes","Unlimited","/singles/japanese","","0.0","6.0","6.0","6.0","No","https://images.squarespace-cdn.com/content/v1/6735a2587d39b002f317a6d5/197f9007-d8d0-41b8-849d-17e84fdaaceb/secret+rare.png"
"69466cf28e035c2d44db0ab3","eadb5cd1-ff31-4bed-b468-3d7ca4380a02","PHYSICAL","shop","japanese-start-deck-100","Pokemon Japanese Start Deck 100 - Japanese","","JP-SD-BOX","","","","","","","","","","","","","","","35.99","31.17","Yes","Unlimited","/other/other","","0.0","6.0","6.0","6.0","No","https://images.squarespace-cdn.com/content/v1/6735a2587d39b002f317a6d5/2c04c891-b8a3-4db8-818f-1f4ea2f55c00/Start+Deck.png"
"695cdb2ab5d96f5e50ddb160","d2ab3966-ab93-4eaa-b1a5-1e2ec63ee4e4","PHYSICAL","shop","munykiss-zero-japanese-booster-box","Pokemon Mega Nihil Zero Booster Box - Japanese","<p style=""white-space:pre-wrap;"" data-rte-preserve-empty=""true"">Each Booster Box of Munykiss Zero comes with 30 packs of 5 cards each.<br><br>Released on January 23rd in Japan, shipped from US as soon as possible.</p>","MYZ-JP-BB","","","","","","","","","","","","","","","98.99","0.00","No","1","/booster-box/japanese","Munykiss Zero, Japanese, Booster Box, Sealed","0.75","6.0","6.0","6.0","Yes","https://images.squarespace-cdn.com/content/v1/6735a2587d39b002f317a6d5/489f5e1c-f34e-4eba-8bfc-5ae4727be8e6/Munykiss+Zero.png"
"696814f3cb41ef6885b1ab63","7781d632-9703-4e3a-ab56-519a6120d7e1","PHYSICAL","shop","roaring-moon-terastal-festival-japanese","Pokemon Card Roaring Moon ex SAR 218/187 sv8a Terastal Festival ex Japanese","<p style=""white-space:pre-wrap;"" data-rte-preserve-empty=""true""><em><span>Language : Japanese</span><br></em><span>Condition : Mint!</span><br><span>*It is 100% authentic Japanese product. (Not copy)</span></p>","602682","","","","","","","","","","","","","","","27.64","27.63","No","1","/singles/card-type/pokemon, /singles/japanese, /singles/condition/near-mint, /singles/printing/holofoil, /singles/rarity/special-art-rare","Singles","0.0","0.0","0.0","0.0","Yes","https://images.squarespace-cdn.com/content/v1/6735a2587d39b002f317a6d5/279beb80-a283-4f57-8da2-ed6fbe1240ee/218_exSAR1.webp"
"698998f18c641348e2fef077","f7d30c57-51ef-4a18-8a32-9560ac8630b9","PHYSICAL","shop","ninja-spinner-booster-box","Pokemon Ninja Spinner Booster Box - Japanese","<p style=""white-space:pre-wrap;"" data-rte-preserve-empty=""true"">Each sealed Japanese Ninja Spinner Booster Box contains 30 booster packs containing 5 random cards each.</p><p style=""white-space:pre-wrap;"" data-rte-preserve-empty=""true""></p>","NS-JPN-BB","","","","","","","","","","","","","","","125.99","90.99","No","2","/booster-box/japanese","Japanese, Japan Import, Authentic, Factory Sealed, Shrink, Scarlet & Violet, SV, 30 Packs per Box, 5 Cards per Pack, Ripping, Streamer Friendly, Collector, Chase","0.875","6.0","6.0","6.0","Yes","https://images.squarespace-cdn.com/content/v1/6735a2587d39b002f317a6d5/a79db9c6-aae7-48b1-bccc-30ca7bd2157c/92140bbc.webp https://images.squarespace-cdn.com/content/v1/6735a2587d39b002f317a6d5/28ea0de3-6242-45e7-b5ed-f0bc80602541/product-img-01-4gmgu.webp"
"69bc64f83f0370001527f535","2e5e04e2-d90b-4c89-ae09-6ec70a353ac5","PHYSICAL","shop","ascended-heroes-elite-trainer-box","Pokemon Ascended Heroes Elite Trainer Box - English","<p style=""white-space:pre-wrap;"" data-rte-preserve-empty=""true"">The Pokémon TCG:&nbsp;<em>Mega Evolution—Ascended Heroes&nbsp;</em>Elite Trainer Box includes:</p><ul data-rte-list=""default""><li><p style=""white-space:pre-wrap;"" data-rte-preserve-empty=""true"">9 Pokémon TCG:&nbsp;<em>Mega Evolution—Ascended Heroes</em>&nbsp;booster packs</p></li><li><p style=""white-space:pre-wrap;"" data-rte-preserve-empty=""true"">1 full-art foil promo card featuring N’s Zekrom</p></li><li><p style=""white-space:pre-wrap;"" data-rte-preserve-empty=""true"">65 card sleeves</p></li><li><p style=""white-space:pre-wrap;"" data-rte-preserve-empty=""true"">40 Pokémon TCG Energy cards</p></li><li><p style=""white-space:pre-wrap;"" data-rte-preserve-empty=""true"">A player’s guide to the&nbsp;<em>Mega Evolution—Ascended Heroes</em>&nbsp;expansion</p></li><li><p style=""white-space:pre-wrap;"" data-rte-preserve-empty=""true"">6 damage-counter dice</p></li><li><p style=""white-space:pre-wrap;"" data-rte-preserve-empty=""true"">1 competition-legal coin-flip die</p></li><li><p style=""white-space:pre-wrap;"" data-rte-preserve-empty=""true"">1 plastic coin</p></li><li><p style=""white-space:pre-wrap;"" data-rte-preserve-empty=""true"">A collector’s box to hold everything, with 6 dividers to keep it organized</p></li><li><p style=""white-space:pre-wrap;"" data-rte-preserve-empty=""true"">A code card for&nbsp;<a href=""https://tcg.pokemon.com/tcgl"">Pokémon Trading Card Game Live</a></p></li></ul>","EN-AH-ETB","","","","","","","","","","","","","","","129.99","104.00","No","4","/elite-trainer-box, /booster-pack/english","Elite, Elite Trainer Box","0.0","0.0","0.0","0.0","Yes","https://images.squarespace-cdn.com/content/v1/6735a2587d39b002f317a6d5/c57e7a51-d681-4641-b759-c5f3b90c99aa/me2pt5-elite-trainer-box-169-en.png https://images.squarespace-cdn.com/content/v1/6735a2587d39b002f317a6d5/dabc5290-deb7-400d-9b1a-359554e57c81/01-en.png"
"69c61966c2f49f1bfc8233e1","1fa2458f-e1bc-4781-bab9-3b6638f18069","PHYSICAL","shop","perfect-order-art-set-4","Perfect Order Sleeved Booster Pack Art Bundle [Set of 4] - ME03: Perfect Order (ME03)","<p style=""white-space:pre-wrap;"" data-rte-preserve-empty=""true"">Each Pack of Sleeved Boosters contains 10 Playing cards. This listing is for an art set for the 4 different artworks for the sleeves.<br></p>","ENG-PO-ART4","","","","","","","","","","","","","","","26.99","26.99","No","4","/booster-pack/english","Zygarde, Nihil Zero, Art, Art set","0.0","0.0","0.0","0.0","Yes","https://images.squarespace-cdn.com/content/v1/6735a2587d39b002f317a6d5/1a3da458-19a7-470a-bbd9-2e8c5ee9f1ae/612861064_1604169184417838_4089970729103611505_n.jpg"
"69d96c5d6ad8f32daa6d93fd","85714ffa-43ec-4709-9ad7-5cdef50b789f","PHYSICAL","shop","squakabilly-ex-sv4a","Squawkabilly ex - 154/190 - SV4a: Shiny Treasure ex (SV4a) Japanese","<p style=""white-space:pre-wrap;"" data-rte-preserve-empty=""true""><em><span>Language : Japanese</span><br></em><span>Condition : Mint!</span><br><span>*It is 100% authentic Japanese product. (Not copy)</span></p>","567555","","","","","","","","","","","","","","","0.25","0.25","No","1","/singles/card-type/pokemon, /singles/condition/near-mint, /singles/japanese/sv4a---shiny-treasure, /singles/printing/holofoil, /singles/rarity/double-rare","Singles","0.0","0.0","0.0","0.0","Yes","https://images.squarespace-cdn.com/content/v1/6735a2587d39b002f317a6d5/ac8e9eda-6a3b-44bf-9a95-ac364facab6f/Squakabilly+ex.png https://images.squarespace-cdn.com/content/v1/6735a2587d39b002f317a6d5/49af0c6a-22d2-4509-8d4e-cc5904d1ba14/Back+of++Prism+Energy+pokeball.png"
"69d96ef3d6f31952bb7a77a3","2f706a9e-037a-43b7-b19d-ce1e37173504","PHYSICAL","shop","n-zekrom-art-rare-mega-dream-ex","N's Zekrom - 210/193 - M2a: High Class Pack: MEGA Dream ex (M2a) Japanese","<p style=""white-space:pre-wrap;"" data-rte-preserve-empty=""true""><em><span>Language : Japanese</span><br></em><span>Condition : Mint!</span><br><span>*It is 100% authentic Japanese product. (Not copy)</span></p>","665881","","","","","","","","","","","","","","","5.99","1.49","No","1","/singles/card-type/pokemon, /singles/condition/near-mint, /singles/rarity/art-rare, /singles/japanese/mega-dream-ex, /singles/printing/holofoil","Singles","0.0","0.0","0.0","0.0","Yes","https://images.squarespace-cdn.com/content/v1/6735a2587d39b002f317a6d5/50ee82fb-8481-4a74-8a93-1a3538b8ee37/N%27s+Zekrom.png"
"69d97314e63f5c10f1f69ca5","40480c69-732a-432e-86a1-749c310c60e4","PHYSICAL","shop","pawniard-147-art-rare-black-bolt","Pawniard - 147/086 - SV11B: Black Bolt (SV11B) Japanese","<p style=""white-space:pre-wrap;"" data-rte-preserve-empty=""true""><em><span>Language : Japanese</span><br></em><span>Condition : Mint!</span><br><span>*It is 100% authentic Japanese product. (Not copy)</span></p>","636501","","","","","","","","","","","","","","","3.06","1.49","No","1","/singles/card-type/pokemon, /singles/condition/near-mint, /singles/rarity/art-rare, /singles/japanese/black-bolt, /singles/printing/holofoil","Singles","0.0","0.0","0.0","0.0","Yes","https://images.squarespace-cdn.com/content/v1/6735a2587d39b002f317a6d5/198b5fa3-b427-495a-bd25-dcf3a506241a/Pawniard+AR.png https://images.squarespace-cdn.com/content/v1/6735a2587d39b002f317a6d5/49af0c6a-22d2-4509-8d4e-cc5904d1ba14/Back+of++Prism+Energy+pokeball.png"
"69d973b10ff58626fffb3de1","892991fe-cac1-4d6d-a2c5-6bf296019119","PHYSICAL","shop","archen-047-master-ball-white-flare","Archen - 047/086 (Master Ball Pattern) - SV11W: White Flare (SV11W)  Japanese","<p style=""white-space:pre-wrap;"" data-rte-preserve-empty=""true""><em><span>Language : Japanese</span><br></em><span>Condition : Mint!</span><br><span>*It is 100% authentic Japanese product. (Not copy)</span></p>","637278","","","","","","","","","","","","","","","3.99","1.49","No","1","/singles/card-type/pokemon, /singles/condition/near-mint, /singles/rarity/masterball, /singles/printing/holofoil, /singles/japanese/white-flare","Singles","0.0","0.0","0.0","0.0","Yes","https://images.squarespace-cdn.com/content/v1/6735a2587d39b002f317a6d5/1e0f5e47-4eb7-48cf-a2f0-824d9b328964/Archen+Masterball.png https://images.squarespace-cdn.com/content/v1/6735a2587d39b002f317a6d5/49af0c6a-22d2-4509-8d4e-cc5904d1ba14/Back+of++Prism+Energy+pokeball.png"
"69d975cf934768463b142332","aaa0176f-6f8e-4615-a10d-ea2fa163f005","PHYSICAL","shop","shelmet-008-poke-ball-white-flare-8e53d","Shelmet - 008/086 (Poke Ball Pattern) - SV11W: White Flare (SV11W) - Japanese","<p style=""white-space:pre-wrap;"" data-rte-preserve-empty=""true""><em><span>Language : Japanese</span><br></em><span>Condition : Mint!</span><br><span>*It is 100% authentic Japanese product. (Not copy)</span></p>","637314","","","","","","","","","","","","","","","3.99","1.49","No","1","/singles/card-type/pokemon, /singles/rarity/pokeball, /singles/condition/near-mint, /singles/printing/holofoil, /singles/japanese/white-flare","Singles","0.0","0.0","0.0","0.0","Yes","https://images.squarespace-cdn.com/content/v1/6735a2587d39b002f317a6d5/9235ea1d-6a8f-4932-8a87-68a41b169d84/Shelmet+Pokeball.png https://images.squarespace-cdn.com/content/v1/6735a2587d39b002f317a6d5/49af0c6a-22d2-4509-8d4e-cc5904d1ba14/Back+of++Prism+Energy+pokeball.png"
"69d97697ba6f51070c449978","524c3c24-6261-413a-b53b-602266bb8ac6","PHYSICAL","shop","gardevoir-ex-082-shiny-treasure","Gardevoir ex - 082/190 - SV4a: Shiny Treasure ex (SV4a) Japanese","<p style=""white-space:pre-wrap;"" data-rte-preserve-empty=""true""><em><span>Language : Japanese</span><br></em><span>Condition : Mint!</span><br><span>*It is 100% authentic Japanese product. (Not copy)</span></p>","567477","","","","","","","","","","","","","","","0.43","0.43","No","1","/singles/card-type/pokemon, /singles/condition/near-mint, /singles/japanese/sv4a---shiny-treasure, /singles/printing/holofoil, /singles/rarity/double-rare","Singles","0.0","0.0","0.0","0.0","Yes","https://images.squarespace-cdn.com/content/v1/6735a2587d39b002f317a6d5/a0deb1f7-fef6-4599-a467-a1b83e9a7909/Gardevoir+ex.png https://images.squarespace-cdn.com/content/v1/6735a2587d39b002f317a6d5/49af0c6a-22d2-4509-8d4e-cc5904d1ba14/Back+of++Prism+Energy+pokeball.png"
"69d9777749c2ac0a0f3a9e6f","614af0ba-d9b7-4ae3-a41f-d6b5db02e8f6","PHYSICAL","shop","meowscarada-ex-014-shiny-treasure-7gy2z","Meowscarada ex - 014/190 - SV4a: Shiny Treasure ex (SV4a) Japanese","<p style=""white-space:pre-wrap;"" data-rte-preserve-empty=""true""><em><span>Language : Japanese</span><br></em><span>Condition : Mint!</span><br><span>*It is 100% authentic Japanese product. (Not copy)</span></p>","567364","","","","","","","","","","","","","","","0.29","0.29","No","1","/singles/card-type/pokemon, /singles/condition/near-mint, /singles/japanese/sv4a---shiny-treasure, /singles/printing/holofoil, /singles/rarity/double-rare","Singles","0.0","0.0","0.0","0.0","Yes","https://images.squarespace-cdn.com/content/v1/6735a2587d39b002f317a6d5/82da7357-ac24-4e3d-809d-8a8c2b03b11e/meowscarad+ex.png https://images.squarespace-cdn.com/content/v1/6735a2587d39b002f317a6d5/49af0c6a-22d2-4509-8d4e-cc5904d1ba14/Back+of++Prism+Energy+pokeball.png"
"69d97a96934768463b15ed4e","793e17a2-cb07-4efd-944b-149f06b592f4","PHYSICAL","shop","krookodile-062-poke-ball-black-bolt","Krookodile - 062/086 (Poke Ball Pattern) - SV11B: Black Bolt (SV11B) Japanese","<p style=""white-space:pre-wrap;"" data-rte-preserve-empty=""true""><em><span>Language : Japanese</span><br></em><span>Condition : Mint!</span><br><span>*It is 100% authentic Japanese product. (Not copy)</span></p>","637220","","","","","","","","","","","","","","","3.99","1.49","No","1","/singles/card-type/pokemon, /singles/rarity/pokeball, /singles/condition/near-mint, /singles/japanese/black-bolt, /singles/printing/holofoil","Singles","0.0","0.0","0.0","0.0","Yes","https://images.squarespace-cdn.com/content/v1/6735a2587d39b002f317a6d5/b6f464f8-12a8-4d2a-986f-239f09ab20f0/Krookodile+Pokeball.png https://images.squarespace-cdn.com/content/v1/6735a2587d39b002f317a6d5/49af0c6a-22d2-4509-8d4e-cc5904d1ba14/Back+of++Prism+Energy+pokeball.png"
"69d97b847f078b47f07c3e58","8fca799a-1b9e-4541-ade9-64a4aa5bdb3b","PHYSICAL","shop","yamask-036-poke-ball-white-flare","Yamask - 036/086 (Poke Ball Pattern) - SV11W: White Flare (SV11W) Japanese","<p style=""white-space:pre-wrap;"" data-rte-preserve-empty=""true""><em><span>Language : Japanese</span><br></em><span>Condition : Mint!</span><br><span>*It is 100% authentic Japanese product. (Not copy)</span></p>","637340","","","","","","","","","","","","","","","3.99","1.49","No","1","/singles/card-type/pokemon, /singles/rarity/pokeball, /singles/condition/near-mint, /singles/printing/holofoil, /singles/japanese/white-flare","Singles","0.0","0.0","0.0","0.0","Yes","https://images.squarespace-cdn.com/content/v1/6735a2587d39b002f317a6d5/ad9a29a7-f0d8-41e1-bb51-a233be03e6b8/Yamask+Pokeball.png https://images.squarespace-cdn.com/content/v1/6735a2587d39b002f317a6d5/49af0c6a-22d2-4509-8d4e-cc5904d1ba14/Back+of++Prism+Energy+pokeball.png"
